#
# There is insufficient memory for the Java Runtime Environment to continue.
# Native memory allocation (mmap) failed to map 505413632 bytes. Error detail: G1 virtual space
# Possible reasons:
#   The system is out of physical RAM or swap space
#   This process is running with CompressedOops enabled, and the Java Heap may be blocking the growth of the native heap
# Possible solutions:
#   Reduce memory load on the system
#   Increase physical memory or swap space
#   Check if swap backing store is full
#   Decrease Java heap size (-Xmx/-Xms)
#   Decrease number of Java threads
#   Decrease Java thread stack sizes (-Xss)
#   Set larger code cache with -XX:ReservedCodeCacheSize=
#   JVM is running with Unscaled Compressed Oops mode in which the Java heap is
#     placed in the first 4GB address space. The Java Heap base address is the
#     maximum limit for the native heap growth. Please use -XX:HeapBaseMinAddress
#     to set the Java Heap base and to place the Java Heap above 4GB virtual address.
# This output file may be truncated or incomplete.
#
#  Out of Memory Error (os_windows.cpp:3710), pid=10972, tid=5456
#
# JRE version: OpenJDK Runtime Environment Microsoft-11369865 (17.0.15+6) (build 17.0.15+6-LTS)
# Java VM: OpenJDK 64-Bit Server VM Microsoft-11369865 (17.0.15+6-LTS, mixed mode, sharing, tiered, compressed oops, compressed class ptrs, g1 gc, windows-amd64)
# No core dump will be written. Minidumps are not enabled by default on client versions of Windows
#

---------------  S U M M A R Y ------------

Command Line: --add-opens=java.base/java.lang=ALL-UNNAMED --add-opens=java.base/java.lang.invoke=ALL-UNNAMED --add-opens=java.base/java.util=ALL-UNNAMED --add-opens=java.prefs/java.util.prefs=ALL-UNNAMED --add-exports=jdk.compiler/com.sun.tools.javac.api=ALL-UNNAMED --add-exports=jdk.compiler/com.sun.tools.javac.util=ALL-UNNAMED --add-opens=java.base/java.util=ALL-UNNAMED --add-opens=java.prefs/java.util.prefs=ALL-UNNAMED --add-opens=java.base/java.nio.charset=ALL-UNNAMED --add-opens=java.base/java.net=ALL-UNNAMED --add-opens=java.base/java.util.concurrent.atomic=ALL-UNNAMED --add-opens=java.xml/javax.xml.namespace=ALL-UNNAMED -XX:MaxMetaspaceSize=512m -Xmx2048m -Dfile.encoding=windows-1252 -Duser.country=IN -Duser.language=en -Duser.variant -javaagent:C:\Users\Suraj Dudhatra\.gradle\wrapper\dists\gradle-8.14.1-bin\baw1sv0jfoi8rxs14qo3h49cs\gradle-8.14.1\lib\agents\gradle-instrumentation-agent-8.14.1.jar org.gradle.launcher.daemon.bootstrap.GradleDaemon 8.14.1

Host: Intel(R) Core(TM) i3-6098P CPU @ 3.60GHz, 4 cores, 11G,  Windows 10 , 64 bit Build 19041 (10.0.19041.5915)
Time: Wed Jul  2 18:39:39 2025 India Standard Time elapsed time: 30246.566146 seconds (0d 8h 24m 6s)

---------------  T H R E A D  ---------------

Current thread (0x0000013b9dc7a410):  VMThread "VM Thread" [stack: 0x000000039c300000,0x000000039c400000] [id=5456]

Stack: [0x000000039c300000,0x000000039c400000]
Native frames: (J=compiled Java code, j=interpreted, Vv=VM code, C=native code)
V  [jvm.dll+0x6887a9]
V  [jvm.dll+0x83f5a8]
V  [jvm.dll+0x841053]
V  [jvm.dll+0x8416c3]
V  [jvm.dll+0x2496ef]
V  [jvm.dll+0x6856e9]
V  [jvm.dll+0x679b7a]
V  [jvm.dll+0x30b0d7]
V  [jvm.dll+0x312646]
V  [jvm.dll+0x36300e]
V  [jvm.dll+0x36324d]
V  [jvm.dll+0x2e236c]
V  [jvm.dll+0x2e0719]
V  [jvm.dll+0x2dfe7c]
V  [jvm.dll+0x322a2b]
V  [jvm.dll+0x845efd]
V  [jvm.dll+0x846c33]
V  [jvm.dll+0x84715f]
V  [jvm.dll+0x847544]
V  [jvm.dll+0x84760e]
V  [jvm.dll+0x7ef2dc]
V  [jvm.dll+0x687687]
C  [ucrtbase.dll+0x21bb2]
C  [KERNEL32.DLL+0x17374]
C  [ntdll.dll+0x4cc91]

VM_Operation (0x000000039fbfe4e0): G1CollectForAllocation, mode: safepoint, requested by thread 0x0000013bccde82e0


---------------  P R O C E S S  ---------------

Threads class SMR info:
_java_thread_list=0x0000013bcbdc6c40, length=117, elements={
0x0000013bff8828b0, 0x0000013b9dc82870, 0x0000013b9dc83340, 0x0000013b9dc9d450,
0x0000013b9dc9fd30, 0x0000013b9dca2a10, 0x0000013b9dca32e0, 0x0000013b9dcadfb0,
0x0000013b9dcb1e70, 0x0000013b9dcccf70, 0x0000013b9dc6bc40, 0x0000013bbd1b1ba0,
0x0000013bbf144640, 0x0000013bbecbca90, 0x0000013bbf2db1c0, 0x0000013bbe5b7880,
0x0000013bbe5b8cc0, 0x0000013bbe5b6950, 0x0000013bbe5b5f30, 0x0000013bbf4728f0,
0x0000013bbf470a90, 0x0000013bbf470fa0, 0x0000013bc1cec9b0, 0x0000013bc1c0c110,
0x0000013bc1c0da60, 0x0000013bc1c0b6f0, 0x0000013bc93166a0, 0x0000013bbd82f810,
0x0000013bbe5b7370, 0x0000013bc2ccfb30, 0x0000013bc2cd4210, 0x0000013bc9f83340,
0x0000013bc9f85bc0, 0x0000013b9db888e0, 0x0000013bcbc4c5a0, 0x0000013bc1ceab50,
0x0000013bcca6e0f0, 0x0000013bcbab07b0, 0x0000013bcbc4e400, 0x0000013bcad0c300,
0x0000013bcc766d70, 0x0000013bc1c0a2b0, 0x0000013bd1f8f4a0, 0x0000013bc9d1dfa0,
0x0000013b9db89300, 0x0000013bd1f91300, 0x0000013bccde78c0, 0x0000013bcae90e30,
0x0000013bd4376900, 0x0000013bcca6c7a0, 0x0000013bcca6c290, 0x0000013bcca6bd80,
0x0000013bcca6dbe0, 0x0000013bc0dccfa0, 0x0000013bc0dcd9c0, 0x0000013bc0dcded0,
0x0000013bc0dcf310, 0x0000013bc0dce3e0, 0x0000013bcca6ccb0, 0x0000013bcca6d1c0,
0x0000013bc931c6d0, 0x0000013bc93170c0, 0x0000013bcae8f9f0, 0x0000013bcae8ff00,
0x0000013bcae91850, 0x0000013bcae90410, 0x0000013bcae90920, 0x0000013bcae8e5b0,
0x0000013bcca6d6d0, 0x0000013bc0dcc070, 0x0000013bc0dcc580, 0x0000013bc0dce8f0,
0x0000013bcca6b360, 0x0000013bcca6b870, 0x0000013bcca6eb10, 0x0000013bc0dcee00,
0x0000013bcca6e600, 0x0000013bccde4b30, 0x0000013bccde6990, 0x0000013bccde82e0,
0x0000013bcc80c300, 0x0000013bcc80a9b0, 0x0000013bcc80b8e0, 0x0000013bcc80c810,
0x0000013bcc80aec0, 0x0000013bccde6ea0, 0x0000013bccde5040, 0x0000013bd21f3de0,
0x0000013bcc809060, 0x0000013bc9318a10, 0x0000013bc931a360, 0x0000013bc9318f20,
0x0000013bc931d0f0, 0x0000013bc9317ae0, 0x0000013bccde5a60, 0x0000013bccde5550,
0x0000013bccde5f70, 0x0000013bcc80b3d0, 0x0000013bcc80bdf0, 0x0000013bcc809570,
0x0000013bd21f38d0, 0x0000013bd21f1560, 0x0000013bd21f2eb0, 0x0000013bc9319940,
0x0000013bcc809a80, 0x0000013bd21f1a70, 0x0000013bccde6480, 0x0000013bc9d1e9c0,
0x0000013bc9d1eed0, 0x0000013bd4377830, 0x0000013bd43754c0, 0x0000013bd43759d0,
0x0000013bd4378250, 0x0000013bd43763f0, 0x0000013bd4376e10, 0x0000013bc9d1f3e0,
0x0000013bcb20d9f0
}

Java Threads: ( => current thread )
  0x0000013bff8828b0 JavaThread "main" [_thread_blocked, id=1920, stack(0x000000039bd00000,0x000000039be00000)]
  0x0000013b9dc82870 JavaThread "Reference Handler" daemon [_thread_blocked, id=16848, stack(0x000000039c400000,0x000000039c500000)]
  0x0000013b9dc83340 JavaThread "Finalizer" daemon [_thread_blocked, id=18220, stack(0x000000039c500000,0x000000039c600000)]
  0x0000013b9dc9d450 JavaThread "Signal Dispatcher" daemon [_thread_blocked, id=13800, stack(0x000000039c600000,0x000000039c700000)]
  0x0000013b9dc9fd30 JavaThread "Attach Listener" daemon [_thread_blocked, id=1556, stack(0x000000039c700000,0x000000039c800000)]
  0x0000013b9dca2a10 JavaThread "Service Thread" daemon [_thread_blocked, id=6836, stack(0x000000039c800000,0x000000039c900000)]
  0x0000013b9dca32e0 JavaThread "Monitor Deflation Thread" daemon [_thread_blocked, id=10364, stack(0x000000039c900000,0x000000039ca00000)]
  0x0000013b9dcadfb0 JavaThread "C2 CompilerThread0" daemon [_thread_blocked, id=16592, stack(0x000000039ca00000,0x000000039cb00000)]
  0x0000013b9dcb1e70 JavaThread "C1 CompilerThread0" daemon [_thread_blocked, id=12116, stack(0x000000039cb00000,0x000000039cc00000)]
  0x0000013b9dcccf70 JavaThread "Sweeper thread" daemon [_thread_blocked, id=15428, stack(0x000000039cc00000,0x000000039cd00000)]
  0x0000013b9dc6bc40 JavaThread "Common-Cleaner" daemon [_thread_blocked, id=18328, stack(0x000000039cd00000,0x000000039ce00000)]
  0x0000013bbd1b1ba0 JavaThread "Notification Thread" daemon [_thread_blocked, id=1668, stack(0x000000039ce00000,0x000000039cf00000)]
  0x0000013bbf144640 JavaThread "Daemon health stats" [_thread_blocked, id=15108, stack(0x000000039d400000,0x000000039d500000)]
  0x0000013bbecbca90 JavaThread "Incoming local TCP Connector on port 57907" [_thread_in_native, id=12356, stack(0x000000039d500000,0x000000039d600000)]
  0x0000013bbf2db1c0 JavaThread "Daemon periodic checks" [_thread_blocked, id=6312, stack(0x000000039d600000,0x000000039d700000)]
  0x0000013bbe5b7880 JavaThread "Cache worker for journal cache (C:\Users\Suraj Dudhatra\.gradle\caches\journal-1)" [_thread_blocked, id=3232, stack(0x000000039dd00000,0x000000039de00000)]
  0x0000013bbe5b8cc0 JavaThread "File lock request listener" [_thread_in_native, id=10412, stack(0x000000039de00000,0x000000039df00000)]
  0x0000013bbe5b6950 JavaThread "Cache worker for file hash cache (C:\Users\Suraj Dudhatra\.gradle\caches\8.14.1\fileHashes)" [_thread_blocked, id=13308, stack(0x000000039df00000,0x000000039e000000)]
  0x0000013bbe5b5f30 JavaThread "File watcher server" daemon [_thread_blocked, id=8268, stack(0x000000039e300000,0x000000039e400000)]
  0x0000013bbf4728f0 JavaThread "File watcher consumer" daemon [_thread_blocked, id=6984, stack(0x000000039e400000,0x000000039e500000)]
  0x0000013bbf470a90 JavaThread "jar transforms" [_thread_blocked, id=10744, stack(0x000000039e600000,0x000000039e700000)]
  0x0000013bbf470fa0 JavaThread "Cache worker for file content cache (C:\Users\Suraj Dudhatra\.gradle\caches\8.14.1\fileContent)" [_thread_blocked, id=13904, stack(0x000000039e800000,0x000000039e900000)]
  0x0000013bc1cec9b0 JavaThread "Memory manager" [_thread_blocked, id=1172, stack(0x000000039fc00000,0x000000039fd00000)]
  0x0000013bc1c0c110 JavaThread "jar transforms Thread 2" [_thread_blocked, id=11116, stack(0x00000003a1b00000,0x00000003a1c00000)]
  0x0000013bc1c0da60 JavaThread "jar transforms Thread 3" [_thread_blocked, id=7376, stack(0x00000003a1c00000,0x00000003a1d00000)]
  0x0000013bc1c0b6f0 JavaThread "jar transforms Thread 4" [_thread_blocked, id=5764, stack(0x00000003a2000000,0x00000003a2100000)]
  0x0000013bc93166a0 JavaThread "pool-3-thread-1" [_thread_blocked, id=6296, stack(0x00000003a2500000,0x00000003a2600000)]
  0x0000013bbd82f810 JavaThread "pool-6-thread-1" [_thread_blocked, id=4164, stack(0x00000003a1f00000,0x00000003a2000000)]
  0x0000013bbe5b7370 JavaThread "pool-9-thread-1" [_thread_blocked, id=10008, stack(0x00000003a2100000,0x00000003a2200000)]
  0x0000013bc2ccfb30 JavaThread "pool-12-thread-1" [_thread_blocked, id=10076, stack(0x00000003a2400000,0x00000003a2500000)]
  0x0000013bc2cd4210 JavaThread "Cache worker for Java compile cache (C:\Users\Suraj Dudhatra\.gradle\caches\8.14.1\javaCompile)" [_thread_blocked, id=7124, stack(0x00000003a2e00000,0x00000003a2f00000)]
  0x0000013bc9f83340 JavaThread "RMI Scheduler(0)" daemon [_thread_blocked, id=18156, stack(0x000000039e900000,0x000000039ea00000)]
  0x0000013bc9f85bc0 JavaThread "RMI TCP Accept-0" daemon [_thread_in_native, id=11992, stack(0x00000003a3900000,0x00000003a3a00000)]
  0x0000013b9db888e0 JavaThread "pool-17-thread-1" [_thread_blocked, id=13860, stack(0x00000003a2300000,0x00000003a2400000)]
  0x0000013bcbc4c5a0 JavaThread "pool-20-thread-1" [_thread_blocked, id=1304, stack(0x00000003a2700000,0x00000003a2800000)]
  0x0000013bc1ceab50 JavaThread "pool-23-thread-1" [_thread_blocked, id=2536, stack(0x00000003a2600000,0x00000003a2700000)]
  0x0000013bcca6e0f0 JavaThread "pool-26-thread-1" [_thread_blocked, id=17740, stack(0x00000003a2800000,0x00000003a2900000)]
  0x0000013bcbab07b0 JavaThread "pool-29-thread-1" [_thread_blocked, id=15496, stack(0x00000003a2900000,0x00000003a2a00000)]
  0x0000013bcbc4e400 JavaThread "pool-32-thread-1" [_thread_blocked, id=15604, stack(0x00000003a0b00000,0x00000003a0c00000)]
  0x0000013bcad0c300 JavaThread "pool-36-thread-1" [_thread_blocked, id=15132, stack(0x00000003a3400000,0x00000003a3500000)]
  0x0000013bcc766d70 JavaThread "pool-39-thread-1" [_thread_blocked, id=7816, stack(0x00000003a3500000,0x00000003a3600000)]
  0x0000013bc1c0a2b0 JavaThread "pool-42-thread-1" [_thread_blocked, id=352, stack(0x00000003a2b00000,0x00000003a2c00000)]
  0x0000013bd1f8f4a0 JavaThread "pool-45-thread-1" [_thread_blocked, id=14948, stack(0x00000003a3600000,0x00000003a3700000)]
  0x0000013bc9d1dfa0 JavaThread "pool-49-thread-1" [_thread_blocked, id=18196, stack(0x00000003a0d00000,0x00000003a0e00000)]
  0x0000013b9db89300 JavaThread "pool-52-thread-1" [_thread_blocked, id=14752, stack(0x00000003a3200000,0x00000003a3300000)]
  0x0000013bd1f91300 JavaThread "pool-57-thread-1" [_thread_blocked, id=18136, stack(0x00000003a2d00000,0x00000003a2e00000)]
  0x0000013bccde78c0 JavaThread "pool-60-thread-1" [_thread_blocked, id=10052, stack(0x000000039f400000,0x000000039f500000)]
  0x0000013bcae90e30 JavaThread "pool-63-thread-1" [_thread_blocked, id=1824, stack(0x00000003a3100000,0x00000003a3200000)]
  0x0000013bd4376900 JavaThread "pool-66-thread-1" [_thread_blocked, id=1472, stack(0x00000003a2f00000,0x00000003a3000000)]
  0x0000013bcca6c7a0 JavaThread "Daemon Thread 16" [_thread_blocked, id=12172, stack(0x000000039ba00000,0x000000039bb00000)]
  0x0000013bcca6c290 JavaThread "Handler for socket connection from /127.0.0.1:57907 to /127.0.0.1:63670" [_thread_in_native, id=14036, stack(0x000000039bb00000,0x000000039bc00000)]
  0x0000013bcca6bd80 JavaThread "Cancel handler" [_thread_blocked, id=9908, stack(0x000000039bc00000,0x000000039bd00000)]
  0x0000013bcca6dbe0 JavaThread "Daemon worker Thread 16" [_thread_blocked, id=9828, stack(0x000000039d000000,0x000000039d100000)]
  0x0000013bc0dccfa0 JavaThread "Asynchronous log dispatcher for DefaultDaemonConnection: socket connection from /127.0.0.1:57907 to /127.0.0.1:63670" [_thread_blocked, id=12152, stack(0x000000039d700000,0x000000039d800000)]
  0x0000013bc0dcd9c0 JavaThread "Stdin handler" [_thread_blocked, id=15592, stack(0x000000039d800000,0x000000039d900000)]
  0x0000013bc0dcded0 JavaThread "Daemon client event forwarder" [_thread_blocked, id=13752, stack(0x000000039d900000,0x000000039da00000)]
  0x0000013bc0dcf310 JavaThread "Cache worker for file hash cache (D:\HelloWorld\AwesomeProject\android\.gradle\8.14.1\fileHashes)" [_thread_blocked, id=1816, stack(0x000000039da00000,0x000000039db00000)]
  0x0000013bc0dce3e0 JavaThread "Cache worker for Build Output Cleanup Cache (D:\HelloWorld\AwesomeProject\android\.gradle\buildOutputCleanup)" [_thread_blocked, id=17912, stack(0x000000039db00000,0x000000039dc00000)]
  0x0000013bcca6ccb0 JavaThread "Cache worker for checksums cache (D:\HelloWorld\AwesomeProject\android\.gradle\8.14.1\checksums)" [_thread_blocked, id=17520, stack(0x000000039dc00000,0x000000039dd00000)]
  0x0000013bcca6d1c0 JavaThread "Cache worker for cache directory md-supplier (C:\Users\Suraj Dudhatra\.gradle\caches\8.14.1\md-supplier)" [_thread_blocked, id=4672, stack(0x000000039e000000,0x000000039e100000)]
  0x0000013bc931c6d0 JavaThread "Cache worker for cache directory md-rule (C:\Users\Suraj Dudhatra\.gradle\caches\8.14.1\md-rule)" [_thread_blocked, id=12984, stack(0x000000039e100000,0x000000039e200000)]
  0x0000013bc93170c0 JavaThread "Cache worker for Build Output Cleanup Cache (D:\HelloWorld\AwesomeProject\node_modules\@react-native\gradle-plugin\.gradle\buildOutputCleanup)" [_thread_blocked, id=17268, stack(0x000000039e200000,0x000000039e300000)]
  0x0000013bcae8f9f0 JavaThread "Unconstrained build operations" [_thread_blocked, id=8756, stack(0x000000039e700000,0x000000039e800000)]
  0x0000013bcae8ff00 JavaThread "Unconstrained build operations Thread 2" [_thread_blocked, id=2000, stack(0x000000039ea00000,0x000000039eb00000)]
  0x0000013bcae91850 JavaThread "Unconstrained build operations Thread 3" [_thread_blocked, id=15348, stack(0x000000039eb00000,0x000000039ec00000)]
  0x0000013bcae90410 JavaThread "Unconstrained build operations Thread 4" [_thread_blocked, id=11784, stack(0x000000039ec00000,0x000000039ed00000)]
  0x0000013bcae90920 JavaThread "Unconstrained build operations Thread 5" [_thread_blocked, id=11640, stack(0x000000039ed00000,0x000000039ee00000)]
  0x0000013bcae8e5b0 JavaThread "Unconstrained build operations Thread 6" [_thread_blocked, id=5624, stack(0x000000039ee00000,0x000000039ef00000)]
  0x0000013bcca6d6d0 JavaThread "Unconstrained build operations Thread 7" [_thread_blocked, id=8016, stack(0x000000039ef00000,0x000000039f000000)]
  0x0000013bc0dcc070 JavaThread "Unconstrained build operations Thread 8" [_thread_blocked, id=9532, stack(0x000000039f000000,0x000000039f100000)]
  0x0000013bc0dcc580 JavaThread "Unconstrained build operations Thread 9" [_thread_blocked, id=3804, stack(0x000000039f100000,0x000000039f200000)]
  0x0000013bc0dce8f0 JavaThread "Unconstrained build operations Thread 10" [_thread_blocked, id=12496, stack(0x000000039f200000,0x000000039f300000)]
  0x0000013bcca6b360 JavaThread "build event listener" [_thread_blocked, id=2524, stack(0x000000039f300000,0x000000039f400000)]
  0x0000013bcca6b870 JavaThread "ForkJoinPool.commonPool-worker-52" daemon [_thread_blocked, id=10036, stack(0x000000039f500000,0x000000039f600000)]
  0x0000013bcca6eb10 JavaThread "ForkJoinPool.commonPool-worker-53" daemon [_thread_blocked, id=14556, stack(0x000000039f600000,0x000000039f700000)]
  0x0000013bc0dcee00 JavaThread "ForkJoinPool.commonPool-worker-54" daemon [_thread_blocked, id=12608, stack(0x000000039f700000,0x000000039f800000)]
  0x0000013bcca6e600 JavaThread "included builds" [_thread_blocked, id=13780, stack(0x000000039f800000,0x000000039f900000)]
  0x0000013bccde4b30 JavaThread "Execution worker" [_thread_blocked, id=1108, stack(0x000000039f900000,0x000000039fa00000)]
  0x0000013bccde6990 JavaThread "Execution worker Thread 2" [_thread_blocked, id=10276, stack(0x000000039fa00000,0x000000039fb00000)]
  0x0000013bccde82e0 JavaThread "Execution worker Thread 3" [_thread_blocked, id=7532, stack(0x000000039fb00000,0x000000039fc00000)]
  0x0000013bcc80c300 JavaThread "Cache worker for execution history cache (D:\HelloWorld\AwesomeProject\node_modules\@react-native\gradle-plugin\.gradle\8.14.1\executionHistory)" [_thread_blocked, id=17080, stack(0x000000039fd00000,0x000000039fe00000)]
  0x0000013bcc80a9b0 JavaThread "Unconstrained build operations Thread 11" [_thread_blocked, id=4972, stack(0x000000039fe00000,0x000000039ff00000)]
  0x0000013bcc80b8e0 JavaThread "Unconstrained build operations Thread 12" [_thread_blocked, id=13032, stack(0x000000039ff00000,0x00000003a0000000)]
  0x0000013bcc80c810 JavaThread "Unconstrained build operations Thread 13" [_thread_blocked, id=14596, stack(0x00000003a0000000,0x00000003a0100000)]
  0x0000013bcc80aec0 JavaThread "Unconstrained build operations Thread 14" [_thread_blocked, id=10456, stack(0x00000003a0100000,0x00000003a0200000)]
  0x0000013bccde6ea0 JavaThread "Unconstrained build operations Thread 15" [_thread_blocked, id=15724, stack(0x00000003a0200000,0x00000003a0300000)]
  0x0000013bccde5040 JavaThread "Unconstrained build operations Thread 16" [_thread_blocked, id=16968, stack(0x00000003a0300000,0x00000003a0400000)]
  0x0000013bd21f3de0 JavaThread "Unconstrained build operations Thread 17" [_thread_blocked, id=5492, stack(0x00000003a0400000,0x00000003a0500000)]
  0x0000013bcc809060 JavaThread "Unconstrained build operations Thread 18" [_thread_blocked, id=10984, stack(0x00000003a0500000,0x00000003a0600000)]
  0x0000013bc9318a10 JavaThread "Unconstrained build operations Thread 19" [_thread_blocked, id=7472, stack(0x00000003a0600000,0x00000003a0700000)]
  0x0000013bc931a360 JavaThread "Unconstrained build operations Thread 20" [_thread_blocked, id=8024, stack(0x00000003a0700000,0x00000003a0800000)]
  0x0000013bc9318f20 JavaThread "Unconstrained build operations Thread 21" [_thread_blocked, id=10100, stack(0x00000003a0800000,0x00000003a0900000)]
  0x0000013bc931d0f0 JavaThread "Unconstrained build operations Thread 22" [_thread_blocked, id=8852, stack(0x00000003a0900000,0x00000003a0a00000)]
  0x0000013bc9317ae0 JavaThread "Unconstrained build operations Thread 23" [_thread_blocked, id=14408, stack(0x00000003a0a00000,0x00000003a0b00000)]
  0x0000013bccde5a60 JavaThread "Unconstrained build operations Thread 24" [_thread_blocked, id=10924, stack(0x00000003a0c00000,0x00000003a0d00000)]
  0x0000013bccde5550 JavaThread "Unconstrained build operations Thread 25" [_thread_blocked, id=10252, stack(0x00000003a0e00000,0x00000003a0f00000)]
  0x0000013bccde5f70 JavaThread "Unconstrained build operations Thread 26" [_thread_blocked, id=16756, stack(0x00000003a0f00000,0x00000003a1000000)]
  0x0000013bcc80b3d0 JavaThread "Unconstrained build operations Thread 27" [_thread_blocked, id=9900, stack(0x00000003a1000000,0x00000003a1100000)]
  0x0000013bcc80bdf0 JavaThread "Unconstrained build operations Thread 28" [_thread_blocked, id=14296, stack(0x00000003a1100000,0x00000003a1200000)]
  0x0000013bcc809570 JavaThread "Unconstrained build operations Thread 29" [_thread_blocked, id=13464, stack(0x00000003a1200000,0x00000003a1300000)]
  0x0000013bd21f38d0 JavaThread "Unconstrained build operations Thread 30" [_thread_blocked, id=15228, stack(0x00000003a1300000,0x00000003a1400000)]
  0x0000013bd21f1560 JavaThread "Unconstrained build operations Thread 31" [_thread_blocked, id=10444, stack(0x00000003a1400000,0x00000003a1500000)]
  0x0000013bd21f2eb0 JavaThread "Unconstrained build operations Thread 32" [_thread_blocked, id=5324, stack(0x00000003a1500000,0x00000003a1600000)]
  0x0000013bc9319940 JavaThread "build event listener" [_thread_blocked, id=17484, stack(0x00000003a1600000,0x00000003a1700000)]
  0x0000013bcc809a80 JavaThread "Problems report writer" [_thread_blocked, id=11372, stack(0x00000003a1700000,0x00000003a1800000)]
  0x0000013bd21f1a70 JavaThread "Unconstrained build operations Thread 33" [_thread_blocked, id=16800, stack(0x00000003a1800000,0x00000003a1900000)]
  0x0000013bccde6480 JavaThread "Unconstrained build operations Thread 34" [_thread_blocked, id=8444, stack(0x00000003a1900000,0x00000003a1a00000)]
  0x0000013bc9d1e9c0 JavaThread "Unconstrained build operations Thread 35" [_thread_blocked, id=8196, stack(0x00000003a1a00000,0x00000003a1b00000)]
  0x0000013bc9d1eed0 JavaThread "Unconstrained build operations Thread 36" [_thread_blocked, id=15756, stack(0x00000003a1d00000,0x00000003a1e00000)]
  0x0000013bd4377830 JavaThread "Unconstrained build operations Thread 37" [_thread_blocked, id=9688, stack(0x00000003a1e00000,0x00000003a1f00000)]
  0x0000013bd43754c0 JavaThread "Unconstrained build operations Thread 38" [_thread_blocked, id=12136, stack(0x00000003a2200000,0x00000003a2300000)]
  0x0000013bd43759d0 JavaThread "Unconstrained build operations Thread 39" [_thread_blocked, id=13428, stack(0x00000003a2a00000,0x00000003a2b00000)]
  0x0000013bd4378250 JavaThread "Unconstrained build operations Thread 40" [_thread_blocked, id=4660, stack(0x00000003a2c00000,0x00000003a2d00000)]
  0x0000013bd43763f0 JavaThread "pool-69-thread-1" [_thread_blocked, id=16528, stack(0x00000003a3300000,0x00000003a3400000)]
  0x0000013bd4376e10 JavaThread "build event listener" [_thread_blocked, id=13924, stack(0x00000003a3700000,0x00000003a3800000)]
  0x0000013bc9d1f3e0 JavaThread "Cache worker for execution history cache (D:\HelloWorld\AwesomeProject\android\.gradle\8.14.1\executionHistory)" [_thread_blocked, id=8028, stack(0x00000003a3800000,0x00000003a3900000)]
  0x0000013bcb20d9f0 JavaThread "C2 CompilerThread1" daemon [_thread_blocked, id=4296, stack(0x00000003a3a00000,0x00000003a3b00000)]

Other Threads:
=>0x0000013b9dc7a410 VMThread "VM Thread" [stack: 0x000000039c300000,0x000000039c400000] [id=5456]
  0x0000013bff883680 WatcherThread [stack: 0x000000039cf00000,0x000000039d000000] [id=14508]
  0x0000013bff8e0b20 GCTaskThread "GC Thread#0" [stack: 0x000000039be00000,0x000000039bf00000] [id=17332]
  0x0000013bbd2b8430 GCTaskThread "GC Thread#1" [stack: 0x000000039d100000,0x000000039d200000] [id=14064]
  0x0000013bbd2757f0 GCTaskThread "GC Thread#2" [stack: 0x000000039d200000,0x000000039d300000] [id=12068]
  0x0000013bbd275ab0 GCTaskThread "GC Thread#3" [stack: 0x000000039d300000,0x000000039d400000] [id=4368]
  0x0000013bff8f1980 ConcurrentGCThread "G1 Main Marker" [stack: 0x000000039bf00000,0x000000039c000000] [id=6220]
  0x0000013bff8f2a50 ConcurrentGCThread "G1 Conc#0" [stack: 0x000000039c000000,0x000000039c100000] [id=9584]
  0x0000013b9db36100 ConcurrentGCThread "G1 Refine#0" [stack: 0x000000039c100000,0x000000039c200000] [id=6588]
  0x0000013bbf8f1ae0 ConcurrentGCThread "G1 Refine#1" [stack: 0x000000039e500000,0x000000039e600000] [id=10380]
  0x0000013bcace9930 ConcurrentGCThread "G1 Refine#2" [stack: 0x00000003a3e00000,0x00000003a3f00000] [id=8932]
  0x0000013bca05c0a0 ConcurrentGCThread "G1 Refine#3" [stack: 0x00000003a3000000,0x00000003a3100000] [id=4212]
  0x0000013b9db367e0 ConcurrentGCThread "G1 Service" [stack: 0x000000039c200000,0x000000039c300000] [id=13232]

Threads with active compile tasks:
C2 CompilerThread0  30246644 69219   !   4       org.gradle.internal.operations.DefaultBuildOperationQueue$WorkerRunnable::run (48 bytes)

VM state: at safepoint (normal execution)

VM Mutex/Monitor currently owned by a thread:  ([mutex/lock_event])
[0x0000013bff87e160] Threads_lock - owner thread: 0x0000013b9dc7a410
[0x0000013bff87ffc0] Heap_lock - owner thread: 0x0000013bccde82e0

Heap address: 0x0000000080000000, size: 2048 MB, Compressed Oops mode: 32-bit

CDS archive(s) mapped at: [0x0000013b9e000000-0x0000013b9ebb0000-0x0000013b9ebb0000), size 12255232, SharedBaseAddress: 0x0000013b9e000000, ArchiveRelocationMode: 1.
Compressed class space mapped at: 0x0000013b9f000000-0x0000013bb9000000, reserved size: 436207616
Narrow klass base: 0x0000013b9e000000, Narrow klass shift: 0, Narrow klass range: 0x100000000

GC Precious Log:
 CPUs: 4 total, 4 available
 Memory: 12247M
 Large Page Support: Disabled
 NUMA Support: Disabled
 Compressed Oops: Enabled (32-bit)
 Heap Region Size: 1M
 Heap Min Capacity: 8M
 Heap Initial Capacity: 192M
 Heap Max Capacity: 2G
 Pre-touch: Disabled
 Parallel Workers: 4
 Concurrent Workers: 1
 Concurrent Refinement Workers: 4
 Periodic GC: Disabled

Heap:
 garbage-first heap   total 865280K, used 297663K [0x0000000080000000, 0x0000000100000000)
  region size 1024K, 4 young (4096K), 4 survivors (4096K)
 Metaspace       used 208863K, committed 213760K, reserved 622592K
  class space    used 26519K, committed 28800K, reserved 425984K

Heap Regions: E=young(eden), S=young(survivor), O=old, HS=humongous(starts), HC=humongous(continues), CS=collection set, F=free, OA=open archive, CA=closed archive, TAMS=top-at-mark-start (previous, next)
|   0|0x0000000080000000, 0x0000000080100000, 0x0000000080100000|100%|HS|  |TAMS 0x0000000080100000, 0x0000000080000000| Complete 
|   1|0x0000000080100000, 0x0000000080200000, 0x0000000080200000|100%|HC|  |TAMS 0x0000000080200000, 0x0000000080100000| Complete 
|   2|0x0000000080200000, 0x0000000080300000, 0x0000000080300000|100%|HC|  |TAMS 0x0000000080300000, 0x0000000080200000| Complete 
|   3|0x0000000080300000, 0x0000000080400000, 0x0000000080400000|100%| O|  |TAMS 0x0000000080400000, 0x0000000080300000| Untracked 
|   4|0x0000000080400000, 0x00000000804fffd0, 0x0000000080500000| 99%| O|  |TAMS 0x00000000804fffd0, 0x0000000080400000| Untracked 
|   5|0x0000000080500000, 0x0000000080600000, 0x0000000080600000|100%| O|  |TAMS 0x0000000080600000, 0x0000000080500000| Untracked 
|   6|0x0000000080600000, 0x00000000806fffd8, 0x0000000080700000| 99%| O|  |TAMS 0x00000000806fffd8, 0x0000000080600000| Untracked 
|   7|0x0000000080700000, 0x0000000080800000, 0x0000000080800000|100%|HS|  |TAMS 0x0000000080800000, 0x0000000080700000| Complete 
|   8|0x0000000080800000, 0x00000000808ffff0, 0x0000000080900000| 99%| O|  |TAMS 0x00000000808ffff0, 0x0000000080800000| Untracked 
|   9|0x0000000080900000, 0x0000000080a00000, 0x0000000080a00000|100%| O|  |TAMS 0x0000000080a00000, 0x0000000080900000| Untracked 
|  10|0x0000000080a00000, 0x0000000080b00000, 0x0000000080b00000|100%| O|  |TAMS 0x0000000080b00000, 0x0000000080a00000| Untracked 
|  11|0x0000000080b00000, 0x0000000080bfffc8, 0x0000000080c00000| 99%| O|  |TAMS 0x0000000080bfffc8, 0x0000000080b00000| Untracked 
|  12|0x0000000080c00000, 0x0000000080d00000, 0x0000000080d00000|100%| O|  |TAMS 0x0000000080d00000, 0x0000000080c00000| Untracked 
|  13|0x0000000080d00000, 0x0000000080dfffb0, 0x0000000080e00000| 99%| O|  |TAMS 0x0000000080dfffb0, 0x0000000080d00000| Untracked 
|  14|0x0000000080e00000, 0x0000000080f00000, 0x0000000080f00000|100%| O|  |TAMS 0x0000000080f00000, 0x0000000080e00000| Untracked 
|  15|0x0000000080f00000, 0x0000000080ffffb0, 0x0000000081000000| 99%| O|  |TAMS 0x0000000080ffffb0, 0x0000000080f00000| Untracked 
|  16|0x0000000081000000, 0x00000000810ffff8, 0x0000000081100000| 99%| O|  |TAMS 0x00000000810ffff8, 0x0000000081000000| Untracked 
|  17|0x0000000081100000, 0x00000000811fffd8, 0x0000000081200000| 99%| O|  |TAMS 0x00000000811fffd8, 0x0000000081100000| Untracked 
|  18|0x0000000081200000, 0x00000000812fff70, 0x0000000081300000| 99%| O|  |TAMS 0x00000000812fff70, 0x0000000081200000| Untracked 
|  19|0x0000000081300000, 0x00000000813fffe8, 0x0000000081400000| 99%| O|  |TAMS 0x00000000813fffe8, 0x0000000081300000| Untracked 
|  20|0x0000000081400000, 0x00000000814ffff8, 0x0000000081500000| 99%| O|  |TAMS 0x00000000814ffff8, 0x0000000081400000| Untracked 
|  21|0x0000000081500000, 0x00000000815ffff0, 0x0000000081600000| 99%| O|  |TAMS 0x00000000815ffff0, 0x0000000081500000| Untracked 
|  22|0x0000000081600000, 0x00000000816ffff0, 0x0000000081700000| 99%| O|  |TAMS 0x00000000816ffff0, 0x0000000081600000| Untracked 
|  23|0x0000000081700000, 0x00000000817fffe0, 0x0000000081800000| 99%| O|  |TAMS 0x00000000817fffe0, 0x0000000081700000| Untracked 
|  24|0x0000000081800000, 0x00000000818ffff0, 0x0000000081900000| 99%| O|  |TAMS 0x00000000818ffff0, 0x0000000081800000| Untracked 
|  25|0x0000000081900000, 0x00000000819fff88, 0x0000000081a00000| 99%| O|  |TAMS 0x00000000819fff88, 0x0000000081900000| Untracked 
|  26|0x0000000081a00000, 0x0000000081b00000, 0x0000000081b00000|100%| O|  |TAMS 0x0000000081b00000, 0x0000000081a00000| Untracked 
|  27|0x0000000081b00000, 0x0000000081bfff90, 0x0000000081c00000| 99%| O|  |TAMS 0x0000000081bfff90, 0x0000000081b00000| Untracked 
|  28|0x0000000081c00000, 0x0000000081cfffe8, 0x0000000081d00000| 99%| O|  |TAMS 0x0000000081cfffe8, 0x0000000081c00000| Untracked 
|  29|0x0000000081d00000, 0x0000000081e00000, 0x0000000081e00000|100%| O|  |TAMS 0x0000000081e00000, 0x0000000081d00000| Untracked 
|  30|0x0000000081e00000, 0x0000000081efef48, 0x0000000081f00000| 99%| O|  |TAMS 0x0000000081efef48, 0x0000000081e00000| Untracked 
|  31|0x0000000081f00000, 0x0000000081ffffe8, 0x0000000082000000| 99%| O|  |TAMS 0x0000000081ffffe8, 0x0000000081f00000| Untracked 
|  32|0x0000000082000000, 0x00000000820fffe8, 0x0000000082100000| 99%| O|  |TAMS 0x00000000820fffe8, 0x0000000082000000| Untracked 
|  33|0x0000000082100000, 0x00000000821fffa0, 0x0000000082200000| 99%| O|  |TAMS 0x00000000821fffa0, 0x0000000082100000| Untracked 
|  34|0x0000000082200000, 0x00000000822ffb20, 0x0000000082300000| 99%| O|  |TAMS 0x00000000822ffb20, 0x0000000082200000| Untracked 
|  35|0x0000000082300000, 0x00000000823ffff0, 0x0000000082400000| 99%| O|  |TAMS 0x00000000823ffff0, 0x0000000082300000| Untracked 
|  36|0x0000000082400000, 0x00000000824ffff0, 0x0000000082500000| 99%| O|  |TAMS 0x00000000824ffff0, 0x0000000082400000| Untracked 
|  37|0x0000000082500000, 0x0000000082600000, 0x0000000082600000|100%| O|  |TAMS 0x0000000082600000, 0x0000000082500000| Untracked 
|  38|0x0000000082600000, 0x00000000826ffff0, 0x0000000082700000| 99%| O|  |TAMS 0x00000000826ffff0, 0x0000000082600000| Untracked 
|  39|0x0000000082700000, 0x0000000082800000, 0x0000000082800000|100%|HS|  |TAMS 0x0000000082800000, 0x0000000082700000| Complete 
|  40|0x0000000082800000, 0x0000000082900000, 0x0000000082900000|100%|HC|  |TAMS 0x0000000082900000, 0x0000000082800000| Complete 
|  41|0x0000000082900000, 0x0000000082a00000, 0x0000000082a00000|100%|HC|  |TAMS 0x0000000082a00000, 0x0000000082900000| Complete 
|  42|0x0000000082a00000, 0x0000000082b00000, 0x0000000082b00000|100%|HS|  |TAMS 0x0000000082b00000, 0x0000000082a00000| Complete 
|  43|0x0000000082b00000, 0x0000000082c00000, 0x0000000082c00000|100%|HC|  |TAMS 0x0000000082c00000, 0x0000000082b00000| Complete 
|  44|0x0000000082c00000, 0x0000000082d00000, 0x0000000082d00000|100%|HC|  |TAMS 0x0000000082d00000, 0x0000000082c00000| Complete 
|  45|0x0000000082d00000, 0x0000000082dfffd0, 0x0000000082e00000| 99%| O|  |TAMS 0x0000000082dfffd0, 0x0000000082d00000| Untracked 
|  46|0x0000000082e00000, 0x0000000082efffe8, 0x0000000082f00000| 99%| O|  |TAMS 0x0000000082efffe8, 0x0000000082e00000| Untracked 
|  47|0x0000000082f00000, 0x0000000082ffffd8, 0x0000000083000000| 99%| O|  |TAMS 0x0000000082ffffd8, 0x0000000082f00000| Untracked 
|  48|0x0000000083000000, 0x00000000830ffff8, 0x0000000083100000| 99%| O|  |TAMS 0x00000000830ffff8, 0x0000000083000000| Untracked 
|  49|0x0000000083100000, 0x00000000831fffe8, 0x0000000083200000| 99%| O|  |TAMS 0x00000000831fffe8, 0x0000000083100000| Untracked 
|  50|0x0000000083200000, 0x00000000832fffc8, 0x0000000083300000| 99%| O|  |TAMS 0x00000000832fffc8, 0x0000000083200000| Untracked 
|  51|0x0000000083300000, 0x0000000083400000, 0x0000000083400000|100%| O|  |TAMS 0x0000000083400000, 0x0000000083300000| Untracked 
|  52|0x0000000083400000, 0x00000000834fffe8, 0x0000000083500000| 99%| O|  |TAMS 0x00000000834fffe8, 0x0000000083400000| Untracked 
|  53|0x0000000083500000, 0x00000000835fffd0, 0x0000000083600000| 99%| O|  |TAMS 0x00000000835fffd0, 0x0000000083500000| Untracked 
|  54|0x0000000083600000, 0x00000000836ffff8, 0x0000000083700000| 99%| O|  |TAMS 0x00000000836ffff8, 0x0000000083600000| Untracked 
|  55|0x0000000083700000, 0x00000000837fffe0, 0x0000000083800000| 99%| O|  |TAMS 0x00000000837fffe0, 0x0000000083700000| Updating 
|  56|0x0000000083800000, 0x00000000838fff58, 0x0000000083900000| 99%| O|  |TAMS 0x00000000838fff58, 0x0000000083800000| Untracked 
|  57|0x0000000083900000, 0x00000000839fffd8, 0x0000000083a00000| 99%| O|  |TAMS 0x00000000839fffd8, 0x0000000083900000| Untracked 
|  58|0x0000000083a00000, 0x0000000083afffe8, 0x0000000083b00000| 99%| O|  |TAMS 0x0000000083afffe8, 0x0000000083a00000| Untracked 
|  59|0x0000000083b00000, 0x0000000083bffff8, 0x0000000083c00000| 99%| O|  |TAMS 0x0000000083bffff8, 0x0000000083b00000| Untracked 
|  60|0x0000000083c00000, 0x0000000083cfffc0, 0x0000000083d00000| 99%| O|  |TAMS 0x0000000083cfffc0, 0x0000000083c00000| Untracked 
|  61|0x0000000083d00000, 0x0000000083dfffe8, 0x0000000083e00000| 99%| O|  |TAMS 0x0000000083dfffe8, 0x0000000083d00000| Untracked 
|  62|0x0000000083e00000, 0x0000000083ec2b70, 0x0000000083f00000| 76%| O|  |TAMS 0x0000000083ec2b70, 0x0000000083e00000| Updating 
|  63|0x0000000083f00000, 0x0000000083ffff90, 0x0000000084000000| 99%| O|  |TAMS 0x0000000083ffff90, 0x0000000083f00000| Untracked 
|  64|0x0000000084000000, 0x00000000840ffff0, 0x0000000084100000| 99%| O|  |TAMS 0x00000000840ffff0, 0x0000000084000000| Untracked 
|  65|0x0000000084100000, 0x00000000841f5600, 0x0000000084200000| 95%| O|  |TAMS 0x00000000841f5600, 0x0000000084100000| Untracked 
|  66|0x0000000084200000, 0x00000000842ffff0, 0x0000000084300000| 99%| O|  |TAMS 0x00000000842ffff0, 0x0000000084200000| Untracked 
|  67|0x0000000084300000, 0x00000000843ffff0, 0x0000000084400000| 99%| O|  |TAMS 0x00000000843ffff0, 0x0000000084300000| Untracked 
|  68|0x0000000084400000, 0x00000000844fffe0, 0x0000000084500000| 99%| O|  |TAMS 0x00000000844fffe0, 0x0000000084400000| Updating 
|  69|0x0000000084500000, 0x00000000845f5780, 0x0000000084600000| 95%| O|  |TAMS 0x00000000845f5780, 0x0000000084500000| Untracked 
|  70|0x0000000084600000, 0x00000000846ffff8, 0x0000000084700000| 99%| O|  |TAMS 0x00000000846ffff8, 0x0000000084600000| Untracked 
|  71|0x0000000084700000, 0x00000000847ffff8, 0x0000000084800000| 99%| O|  |TAMS 0x00000000847ffff8, 0x0000000084700000| Updating 
|  72|0x0000000084800000, 0x0000000084900000, 0x0000000084900000|100%|HS|  |TAMS 0x0000000084900000, 0x0000000084800000| Complete 
|  73|0x0000000084900000, 0x0000000084a00000, 0x0000000084a00000|100%|HS|  |TAMS 0x0000000084a00000, 0x0000000084900000| Complete 
|  74|0x0000000084a00000, 0x0000000084b00000, 0x0000000084b00000|100%|HS|  |TAMS 0x0000000084b00000, 0x0000000084a00000| Complete 
|  75|0x0000000084b00000, 0x0000000084c00000, 0x0000000084c00000|100%|HS|  |TAMS 0x0000000084c00000, 0x0000000084b00000| Complete 
|  76|0x0000000084c00000, 0x0000000084cffff0, 0x0000000084d00000| 99%| O|  |TAMS 0x0000000084cffff0, 0x0000000084c00000| Untracked 
|  77|0x0000000084d00000, 0x0000000084e00000, 0x0000000084e00000|100%|HS|  |TAMS 0x0000000084e00000, 0x0000000084d00000| Complete 
|  78|0x0000000084e00000, 0x0000000084f00000, 0x0000000084f00000|100%|HS|  |TAMS 0x0000000084f00000, 0x0000000084e00000| Complete 
|  79|0x0000000084f00000, 0x0000000085000000, 0x0000000085000000|100%|HS|  |TAMS 0x0000000085000000, 0x0000000084f00000| Complete 
|  80|0x0000000085000000, 0x0000000085100000, 0x0000000085100000|100%|HC|  |TAMS 0x0000000085100000, 0x0000000085000000| Complete 
|  81|0x0000000085100000, 0x0000000085200000, 0x0000000085200000|100%|HC|  |TAMS 0x0000000085200000, 0x0000000085100000| Complete 
|  82|0x0000000085200000, 0x0000000085300000, 0x0000000085300000|100%|HS|  |TAMS 0x0000000085300000, 0x0000000085200000| Complete 
|  83|0x0000000085300000, 0x00000000853fffe0, 0x0000000085400000| 99%| O|  |TAMS 0x00000000853fffe0, 0x0000000085300000| Untracked 
|  84|0x0000000085400000, 0x0000000085500000, 0x0000000085500000|100%| O|  |TAMS 0x0000000085500000, 0x0000000085400000| Untracked 
|  85|0x0000000085500000, 0x0000000085600000, 0x0000000085600000|100%| O|  |TAMS 0x0000000085600000, 0x0000000085500000| Untracked 
|  86|0x0000000085600000, 0x00000000856fffe0, 0x0000000085700000| 99%| O|  |TAMS 0x00000000856fffe0, 0x0000000085600000| Untracked 
|  87|0x0000000085700000, 0x00000000857ffff0, 0x0000000085800000| 99%| O|  |TAMS 0x00000000857ffff0, 0x0000000085700000| Untracked 
|  88|0x0000000085800000, 0x00000000858fffe8, 0x0000000085900000| 99%| O|  |TAMS 0x00000000858fffe8, 0x0000000085800000| Untracked 
|  89|0x0000000085900000, 0x0000000085a00000, 0x0000000085a00000|100%| O|  |TAMS 0x0000000085a00000, 0x0000000085900000| Untracked 
|  90|0x0000000085a00000, 0x0000000085affff8, 0x0000000085b00000| 99%| O|  |TAMS 0x0000000085affff8, 0x0000000085a00000| Untracked 
|  91|0x0000000085b00000, 0x0000000085bfff90, 0x0000000085c00000| 99%| O|  |TAMS 0x0000000085bfff90, 0x0000000085b00000| Untracked 
|  92|0x0000000085c00000, 0x0000000085cffff0, 0x0000000085d00000| 99%| O|  |TAMS 0x0000000085cffff0, 0x0000000085c00000| Untracked 
|  93|0x0000000085d00000, 0x0000000085e00000, 0x0000000085e00000|100%| O|  |TAMS 0x0000000085e00000, 0x0000000085d00000| Untracked 
|  94|0x0000000085e00000, 0x0000000085efffe0, 0x0000000085f00000| 99%| O|  |TAMS 0x0000000085efffe0, 0x0000000085e00000| Untracked 
|  95|0x0000000085f00000, 0x0000000085ffff70, 0x0000000086000000| 99%| O|  |TAMS 0x0000000085ffff70, 0x0000000085f00000| Untracked 
|  96|0x0000000086000000, 0x00000000860ffff8, 0x0000000086100000| 99%| O|  |TAMS 0x00000000860ffff8, 0x0000000086000000| Untracked 
|  97|0x0000000086100000, 0x00000000861ffff0, 0x0000000086200000| 99%| O|  |TAMS 0x00000000861ffff0, 0x0000000086100000| Untracked 
|  98|0x0000000086200000, 0x0000000086300000, 0x0000000086300000|100%| O|  |TAMS 0x0000000086300000, 0x0000000086200000| Untracked 
|  99|0x0000000086300000, 0x00000000863fffa0, 0x0000000086400000| 99%| O|  |TAMS 0x00000000863fffa0, 0x0000000086300000| Untracked 
| 100|0x0000000086400000, 0x00000000864ffff0, 0x0000000086500000| 99%| O|  |TAMS 0x00000000864ffff0, 0x0000000086400000| Untracked 
| 101|0x0000000086500000, 0x00000000865ffff8, 0x0000000086600000| 99%| O|  |TAMS 0x00000000865ffff8, 0x0000000086500000| Untracked 
| 102|0x0000000086600000, 0x0000000086700000, 0x0000000086700000|100%| O|  |TAMS 0x0000000086700000, 0x0000000086600000| Untracked 
| 103|0x0000000086700000, 0x00000000867fe628, 0x0000000086800000| 99%| O|  |TAMS 0x00000000867fe628, 0x0000000086700000| Untracked 
| 104|0x0000000086800000, 0x00000000868fff78, 0x0000000086900000| 99%| O|  |TAMS 0x00000000868fff78, 0x0000000086800000| Untracked 
| 105|0x0000000086900000, 0x00000000869f2b00, 0x0000000086a00000| 94%| O|  |TAMS 0x00000000869f2b00, 0x0000000086900000| Untracked 
| 106|0x0000000086a00000, 0x0000000086affff0, 0x0000000086b00000| 99%| O|  |TAMS 0x0000000086affff0, 0x0000000086a00000| Untracked 
| 107|0x0000000086b00000, 0x0000000086bffff8, 0x0000000086c00000| 99%| O|  |TAMS 0x0000000086bffff8, 0x0000000086b00000| Untracked 
| 108|0x0000000086c00000, 0x0000000086d00000, 0x0000000086d00000|100%|HS|  |TAMS 0x0000000086d00000, 0x0000000086c00000| Complete 
| 109|0x0000000086d00000, 0x0000000086dffff8, 0x0000000086e00000| 99%| O|  |TAMS 0x0000000086dffff8, 0x0000000086d00000| Untracked 
| 110|0x0000000086e00000, 0x0000000086effff8, 0x0000000086f00000| 99%| O|  |TAMS 0x0000000086effff8, 0x0000000086e00000| Untracked 
| 111|0x0000000086f00000, 0x0000000086fffff8, 0x0000000087000000| 99%| O|  |TAMS 0x0000000086fffff8, 0x0000000086f00000| Untracked 
| 112|0x0000000087000000, 0x0000000087100000, 0x0000000087100000|100%| O|  |TAMS 0x0000000087100000, 0x0000000087000000| Untracked 
| 113|0x0000000087100000, 0x00000000871ffff0, 0x0000000087200000| 99%| O|  |TAMS 0x00000000871ffff0, 0x0000000087100000| Untracked 
| 114|0x0000000087200000, 0x00000000872fffe8, 0x0000000087300000| 99%| O|  |TAMS 0x00000000872fffe8, 0x0000000087200000| Untracked 
| 115|0x0000000087300000, 0x00000000873fffa0, 0x0000000087400000| 99%| O|  |TAMS 0x00000000873fffa0, 0x0000000087300000| Untracked 
| 116|0x0000000087400000, 0x00000000874fffe0, 0x0000000087500000| 99%| O|  |TAMS 0x00000000874fffe0, 0x0000000087400000| Untracked 
| 117|0x0000000087500000, 0x00000000875f9430, 0x0000000087600000| 97%| O|  |TAMS 0x00000000875f9430, 0x0000000087500000| Untracked 
| 118|0x0000000087600000, 0x00000000876ffff0, 0x0000000087700000| 99%| O|  |TAMS 0x00000000876ffff0, 0x0000000087600000| Updating 
| 119|0x0000000087700000, 0x0000000087800000, 0x0000000087800000|100%| O|  |TAMS 0x0000000087800000, 0x0000000087700000| Untracked 
| 120|0x0000000087800000, 0x0000000087900000, 0x0000000087900000|100%|HS|  |TAMS 0x0000000087900000, 0x0000000087800000| Complete 
| 121|0x0000000087900000, 0x00000000879ffff8, 0x0000000087a00000| 99%| O|  |TAMS 0x00000000879ffff8, 0x0000000087900000| Updating 
| 122|0x0000000087a00000, 0x0000000087affff0, 0x0000000087b00000| 99%| O|  |TAMS 0x0000000087affff0, 0x0000000087a00000| Updating 
| 123|0x0000000087b00000, 0x0000000087c00000, 0x0000000087c00000|100%|HS|  |TAMS 0x0000000087c00000, 0x0000000087b00000| Complete 
| 124|0x0000000087c00000, 0x0000000087d00000, 0x0000000087d00000|100%| O|  |TAMS 0x0000000087d00000, 0x0000000087c00000| Updating 
| 125|0x0000000087d00000, 0x0000000087dfffd8, 0x0000000087e00000| 99%| O|  |TAMS 0x0000000087dfffd8, 0x0000000087d00000| Updating 
| 126|0x0000000087e00000, 0x0000000087effff8, 0x0000000087f00000| 99%| O|  |TAMS 0x0000000087effff8, 0x0000000087e00000| Untracked 
| 127|0x0000000087f00000, 0x0000000087fffff8, 0x0000000088000000| 99%| O|  |TAMS 0x0000000087fffff8, 0x0000000087f00000| Updating 
| 128|0x0000000088000000, 0x00000000880ffff8, 0x0000000088100000| 99%| O|  |TAMS 0x00000000880ffff8, 0x0000000088000000| Updating 
| 129|0x0000000088100000, 0x00000000881fff50, 0x0000000088200000| 99%| O|  |TAMS 0x00000000881fff50, 0x0000000088100000| Untracked 
| 130|0x0000000088200000, 0x00000000882fffd8, 0x0000000088300000| 99%| O|  |TAMS 0x00000000882fffd8, 0x0000000088200000| Updating 
| 131|0x0000000088300000, 0x00000000883fff38, 0x0000000088400000| 99%| O|  |TAMS 0x00000000883fff38, 0x0000000088300000| Updating 
| 132|0x0000000088400000, 0x0000000088500000, 0x0000000088500000|100%| O|  |TAMS 0x0000000088500000, 0x0000000088400000| Untracked 
| 133|0x0000000088500000, 0x0000000088600000, 0x0000000088600000|100%|HS|  |TAMS 0x0000000088600000, 0x0000000088500000| Complete 
| 134|0x0000000088600000, 0x00000000886fffe0, 0x0000000088700000| 99%| O|  |TAMS 0x00000000886fffe0, 0x0000000088600000| Updating 
| 135|0x0000000088700000, 0x00000000887ffff8, 0x0000000088800000| 99%| O|  |TAMS 0x00000000887ffff8, 0x0000000088700000| Untracked 
| 136|0x0000000088800000, 0x00000000888ffff0, 0x0000000088900000| 99%| O|  |TAMS 0x00000000888ffff0, 0x0000000088800000| Updating 
| 137|0x0000000088900000, 0x00000000889ffff8, 0x0000000088a00000| 99%| O|  |TAMS 0x00000000889ffff8, 0x0000000088900000| Untracked 
| 138|0x0000000088a00000, 0x0000000088b00000, 0x0000000088b00000|100%| O|  |TAMS 0x0000000088b00000, 0x0000000088a00000| Untracked 
| 139|0x0000000088b00000, 0x0000000088bffff0, 0x0000000088c00000| 99%| O|  |TAMS 0x0000000088bffff0, 0x0000000088b00000| Updating 
| 140|0x0000000088c00000, 0x0000000088cffff8, 0x0000000088d00000| 99%| O|  |TAMS 0x0000000088cffff8, 0x0000000088c00000| Updating 
| 141|0x0000000088d00000, 0x0000000088e00000, 0x0000000088e00000|100%|HS|  |TAMS 0x0000000088e00000, 0x0000000088d00000| Complete 
| 142|0x0000000088e00000, 0x0000000088f00000, 0x0000000088f00000|100%|HS|  |TAMS 0x0000000088f00000, 0x0000000088e00000| Complete 
| 143|0x0000000088f00000, 0x0000000089000000, 0x0000000089000000|100%|HS|  |TAMS 0x0000000089000000, 0x0000000088f00000| Complete 
| 144|0x0000000089000000, 0x0000000089100000, 0x0000000089100000|100%|HC|  |TAMS 0x0000000089100000, 0x0000000089000000| Complete 
| 145|0x0000000089100000, 0x0000000089200000, 0x0000000089200000|100%| O|  |TAMS 0x0000000089200000, 0x0000000089100000| Untracked 
| 146|0x0000000089200000, 0x0000000089300000, 0x0000000089300000|100%| O|  |TAMS 0x0000000089300000, 0x0000000089200000| Updating 
| 147|0x0000000089300000, 0x00000000893ffff8, 0x0000000089400000| 99%| O|  |TAMS 0x00000000893ffff8, 0x0000000089300000| Updating 
| 148|0x0000000089400000, 0x00000000894f9138, 0x0000000089500000| 97%| O|  |TAMS 0x00000000894f9138, 0x0000000089400000| Untracked 
| 149|0x0000000089500000, 0x00000000895c5b68, 0x0000000089600000| 77%| O|  |TAMS 0x00000000895c5b68, 0x0000000089500000| Updating 
| 150|0x0000000089600000, 0x00000000896ffff0, 0x0000000089700000| 99%| O|  |TAMS 0x00000000896ffff0, 0x0000000089600000| Updating 
| 151|0x0000000089700000, 0x0000000089800000, 0x0000000089800000|100%| O|  |TAMS 0x0000000089800000, 0x0000000089700000| Untracked 
| 152|0x0000000089800000, 0x0000000089900000, 0x0000000089900000|100%| O|  |TAMS 0x0000000089900000, 0x0000000089800000| Untracked 
| 153|0x0000000089900000, 0x00000000899fffa8, 0x0000000089a00000| 99%| O|  |TAMS 0x00000000899fffa8, 0x0000000089900000| Updating 
| 154|0x0000000089a00000, 0x0000000089afffe0, 0x0000000089b00000| 99%| O|  |TAMS 0x0000000089afffe0, 0x0000000089a00000| Updating 
| 155|0x0000000089b00000, 0x0000000089bfffd8, 0x0000000089c00000| 99%| O|  |TAMS 0x0000000089bfffd8, 0x0000000089b00000| Updating 
| 156|0x0000000089c00000, 0x0000000089cfffe8, 0x0000000089d00000| 99%| O|  |TAMS 0x0000000089cfffe8, 0x0000000089c00000| Updating 
| 157|0x0000000089d00000, 0x0000000089dfff68, 0x0000000089e00000| 99%| O|  |TAMS 0x0000000089dfff68, 0x0000000089d00000| Updating 
| 158|0x0000000089e00000, 0x0000000089efff88, 0x0000000089f00000| 99%| O|  |TAMS 0x0000000089efff88, 0x0000000089e00000| Updating 
| 159|0x0000000089f00000, 0x0000000089fffff0, 0x000000008a000000| 99%| O|  |TAMS 0x0000000089fffff0, 0x0000000089f00000| Updating 
| 160|0x000000008a000000, 0x000000008a100000, 0x000000008a100000|100%|HS|  |TAMS 0x000000008a100000, 0x000000008a000000| Complete 
| 161|0x000000008a100000, 0x000000008a200000, 0x000000008a200000|100%| O|  |TAMS 0x000000008a100000, 0x000000008a100000| Untracked 
| 162|0x000000008a200000, 0x000000008a300000, 0x000000008a300000|100%| O|  |TAMS 0x000000008a300000, 0x000000008a200000| Untracked 
| 163|0x000000008a300000, 0x000000008a400000, 0x000000008a400000|100%| O|  |TAMS 0x000000008a400000, 0x000000008a300000| Updating 
| 164|0x000000008a400000, 0x000000008a4fffe0, 0x000000008a500000| 99%| O|  |TAMS 0x000000008a4fffe0, 0x000000008a400000| Untracked 
| 165|0x000000008a500000, 0x000000008a5f2770, 0x000000008a600000| 94%| O|  |TAMS 0x000000008a5f2770, 0x000000008a500000| Updating 
| 166|0x000000008a600000, 0x000000008a700000, 0x000000008a700000|100%| O|  |TAMS 0x000000008a700000, 0x000000008a600000| Untracked 
| 167|0x000000008a700000, 0x000000008a7ffff8, 0x000000008a800000| 99%| O|  |TAMS 0x000000008a7ffff8, 0x000000008a700000| Untracked 
| 168|0x000000008a800000, 0x000000008a8fffd8, 0x000000008a900000| 99%| O|  |TAMS 0x000000008a8fffd8, 0x000000008a800000| Untracked 
| 169|0x000000008a900000, 0x000000008aa00000, 0x000000008aa00000|100%| O|  |TAMS 0x000000008aa00000, 0x000000008a900000| Updating 
| 170|0x000000008aa00000, 0x000000008aafd9d8, 0x000000008ab00000| 99%| O|  |TAMS 0x000000008aafd9d8, 0x000000008aa00000| Untracked 
| 171|0x000000008ab00000, 0x000000008ac00000, 0x000000008ac00000|100%| O|  |TAMS 0x000000008ac00000, 0x000000008ab00000| Updating 
| 172|0x000000008ac00000, 0x000000008acde7e0, 0x000000008ad00000| 86%| O|  |TAMS 0x000000008acde7e0, 0x000000008ac00000| Updating 
| 173|0x000000008ad00000, 0x000000008adffff8, 0x000000008ae00000| 99%| O|  |TAMS 0x000000008adffff8, 0x000000008ad00000| Untracked 
| 174|0x000000008ae00000, 0x000000008af00000, 0x000000008af00000|100%| O|  |TAMS 0x000000008af00000, 0x000000008ae00000| Untracked 
| 175|0x000000008af00000, 0x000000008afffff8, 0x000000008b000000| 99%| O|  |TAMS 0x000000008afffff8, 0x000000008af00000| Updating 
| 176|0x000000008b000000, 0x000000008b05b408, 0x000000008b100000| 35%| O|  |TAMS 0x000000008b05b408, 0x000000008b000000| Updating 
| 177|0x000000008b100000, 0x000000008b1ffff0, 0x000000008b200000| 99%| O|  |TAMS 0x000000008b1ffff0, 0x000000008b100000| Updating 
| 178|0x000000008b200000, 0x000000008b300000, 0x000000008b300000|100%| O|  |TAMS 0x000000008b300000, 0x000000008b200000| Untracked 
| 179|0x000000008b300000, 0x000000008b400000, 0x000000008b400000|100%| O|  |TAMS 0x000000008b400000, 0x000000008b300000| Untracked 
| 180|0x000000008b400000, 0x000000008b4ffff0, 0x000000008b500000| 99%| O|  |TAMS 0x000000008b4ffff0, 0x000000008b400000| Updating 
| 181|0x000000008b500000, 0x000000008b5ffff8, 0x000000008b600000| 99%| O|  |TAMS 0x000000008b5ffff8, 0x000000008b500000| Updating 
| 182|0x000000008b600000, 0x000000008b6fffe8, 0x000000008b700000| 99%| O|  |TAMS 0x000000008b6fffe8, 0x000000008b600000| Untracked 
| 183|0x000000008b700000, 0x000000008b7ffff8, 0x000000008b800000| 99%| O|  |TAMS 0x000000008b7ffff8, 0x000000008b700000| Updating 
| 184|0x000000008b800000, 0x000000008b900000, 0x000000008b900000|100%| O|  |TAMS 0x000000008b800000, 0x000000008b800000| Untracked 
| 185|0x000000008b900000, 0x000000008ba00000, 0x000000008ba00000|100%| O|  |TAMS 0x000000008ba00000, 0x000000008b900000| Untracked 
| 186|0x000000008ba00000, 0x000000008baffff8, 0x000000008bb00000| 99%| O|  |TAMS 0x000000008baffff8, 0x000000008ba00000| Untracked 
| 187|0x000000008bb00000, 0x000000008bbfff50, 0x000000008bc00000| 99%| O|  |TAMS 0x000000008bbfff50, 0x000000008bb00000| Updating 
| 188|0x000000008bc00000, 0x000000008bd00000, 0x000000008bd00000|100%| O|  |TAMS 0x000000008bd00000, 0x000000008bc00000| Untracked 
| 189|0x000000008bd00000, 0x000000008bdffff0, 0x000000008be00000| 99%| O|  |TAMS 0x000000008bdffff0, 0x000000008bd00000| Updating 
| 190|0x000000008be00000, 0x000000008bf00000, 0x000000008bf00000|100%| O|  |TAMS 0x000000008be00000, 0x000000008be00000| Untracked 
| 191|0x000000008bf00000, 0x000000008c000000, 0x000000008c000000|100%| O|  |TAMS 0x000000008c000000, 0x000000008bf00000| Untracked 
| 192|0x000000008c000000, 0x000000008c100000, 0x000000008c100000|100%| O|  |TAMS 0x000000008c100000, 0x000000008c000000| Untracked 
| 193|0x000000008c100000, 0x000000008c1ff000, 0x000000008c200000| 99%| O|  |TAMS 0x000000008c1ff000, 0x000000008c100000| Untracked 
| 194|0x000000008c200000, 0x000000008c300000, 0x000000008c300000|100%| O|  |TAMS 0x000000008c300000, 0x000000008c200000| Untracked 
| 195|0x000000008c300000, 0x000000008c400000, 0x000000008c400000|100%| O|  |TAMS 0x000000008c400000, 0x000000008c300000| Updating 
| 196|0x000000008c400000, 0x000000008c500000, 0x000000008c500000|100%| O|  |TAMS 0x000000008c500000, 0x000000008c400000| Untracked 
| 197|0x000000008c500000, 0x000000008c600000, 0x000000008c600000|100%| O|  |TAMS 0x000000008c600000, 0x000000008c500000| Updating 
| 198|0x000000008c600000, 0x000000008c700000, 0x000000008c700000|100%| O|  |TAMS 0x000000008c600000, 0x000000008c600000| Untracked 
| 199|0x000000008c700000, 0x000000008c800000, 0x000000008c800000|100%| O|  |TAMS 0x000000008c800000, 0x000000008c700000| Untracked 
| 200|0x000000008c800000, 0x000000008c8ffff8, 0x000000008c900000| 99%| O|  |TAMS 0x000000008c8ffff8, 0x000000008c800000| Updating 
| 201|0x000000008c900000, 0x000000008ca00000, 0x000000008ca00000|100%| O|  |TAMS 0x000000008c900000, 0x000000008c900000| Untracked 
| 202|0x000000008ca00000, 0x000000008cb00000, 0x000000008cb00000|100%| O|  |TAMS 0x000000008ca00000, 0x000000008ca00000| Untracked 
| 203|0x000000008cb00000, 0x000000008cc00000, 0x000000008cc00000|100%| O|  |TAMS 0x000000008cc00000, 0x000000008cb00000| Untracked 
| 204|0x000000008cc00000, 0x000000008cd00000, 0x000000008cd00000|100%| O|  |TAMS 0x000000008cc00000, 0x000000008cc00000| Untracked 
| 205|0x000000008cd00000, 0x000000008cdffff8, 0x000000008ce00000| 99%| O|  |TAMS 0x000000008cdffff8, 0x000000008cd00000| Updating 
| 206|0x000000008ce00000, 0x000000008ce54c00, 0x000000008cf00000| 33%| O|  |TAMS 0x000000008ce00000, 0x000000008ce00000| Untracked 
| 207|0x000000008cf00000, 0x000000008cf00000, 0x000000008d000000|  0%| F|  |TAMS 0x000000008cf00000, 0x000000008cf00000| Untracked 
| 208|0x000000008d000000, 0x000000008d100000, 0x000000008d100000|100%| O|  |TAMS 0x000000008d100000, 0x000000008d000000| Untracked 
| 209|0x000000008d100000, 0x000000008d100000, 0x000000008d200000|  0%| F|  |TAMS 0x000000008d100000, 0x000000008d100000| Untracked 
| 210|0x000000008d200000, 0x000000008d200000, 0x000000008d300000|  0%| F|  |TAMS 0x000000008d200000, 0x000000008d200000| Untracked 
| 211|0x000000008d300000, 0x000000008d3ffff0, 0x000000008d400000| 99%| O|  |TAMS 0x000000008d3ffff0, 0x000000008d300000| Updating 
| 212|0x000000008d400000, 0x000000008d400000, 0x000000008d500000|  0%| F|  |TAMS 0x000000008d400000, 0x000000008d400000| Untracked 
| 213|0x000000008d500000, 0x000000008d500000, 0x000000008d600000|  0%| F|  |TAMS 0x000000008d500000, 0x000000008d500000| Untracked 
| 214|0x000000008d600000, 0x000000008d65aec8, 0x000000008d700000| 35%| O|  |TAMS 0x000000008d65aec8, 0x000000008d600000| Updating 
| 215|0x000000008d700000, 0x000000008d700000, 0x000000008d800000|  0%| F|  |TAMS 0x000000008d700000, 0x000000008d700000| Untracked 
| 216|0x000000008d800000, 0x000000008d900000, 0x000000008d900000|100%| O|  |TAMS 0x000000008d900000, 0x000000008d800000| Updating 
| 217|0x000000008d900000, 0x000000008d900000, 0x000000008da00000|  0%| F|  |TAMS 0x000000008d900000, 0x000000008d900000| Untracked 
| 218|0x000000008da00000, 0x000000008db00000, 0x000000008db00000|100%| O|  |TAMS 0x000000008db00000, 0x000000008da00000| Updating 
| 219|0x000000008db00000, 0x000000008dc00000, 0x000000008dc00000|100%| O|  |TAMS 0x000000008dc00000, 0x000000008db00000| Updating 
| 220|0x000000008dc00000, 0x000000008dd00000, 0x000000008dd00000|100%| O|  |TAMS 0x000000008dd00000, 0x000000008dc00000| Updating 
| 221|0x000000008dd00000, 0x000000008dd00000, 0x000000008de00000|  0%| F|  |TAMS 0x000000008dd00000, 0x000000008dd00000| Untracked 
| 222|0x000000008de00000, 0x000000008df00000, 0x000000008df00000|100%| O|  |TAMS 0x000000008df00000, 0x000000008de00000| Updating 
| 223|0x000000008df00000, 0x000000008e000000, 0x000000008e000000|100%| O|  |TAMS 0x000000008e000000, 0x000000008df00000| Updating 
| 224|0x000000008e000000, 0x000000008e000000, 0x000000008e100000|  0%| F|  |TAMS 0x000000008e000000, 0x000000008e000000| Untracked 
| 225|0x000000008e100000, 0x000000008e200000, 0x000000008e200000|100%| O|  |TAMS 0x000000008e200000, 0x000000008e100000| Updating 
| 226|0x000000008e200000, 0x000000008e200000, 0x000000008e300000|  0%| F|  |TAMS 0x000000008e200000, 0x000000008e200000| Untracked 
| 227|0x000000008e300000, 0x000000008e400000, 0x000000008e400000|100%| O|  |TAMS 0x000000008e400000, 0x000000008e300000| Updating 
| 228|0x000000008e400000, 0x000000008e500000, 0x000000008e500000|100%| O|  |TAMS 0x000000008e500000, 0x000000008e400000| Untracked 
| 229|0x000000008e500000, 0x000000008e600000, 0x000000008e600000|100%| O|  |TAMS 0x000000008e600000, 0x000000008e500000| Untracked 
| 230|0x000000008e600000, 0x000000008e700000, 0x000000008e700000|100%| O|  |TAMS 0x000000008e700000, 0x000000008e600000| Untracked 
| 231|0x000000008e700000, 0x000000008e800000, 0x000000008e800000|100%| O|  |TAMS 0x000000008e800000, 0x000000008e700000| Updating 
| 232|0x000000008e800000, 0x000000008e900000, 0x000000008e900000|100%| O|  |TAMS 0x000000008e900000, 0x000000008e800000| Untracked 
| 233|0x000000008e900000, 0x000000008e900000, 0x000000008ea00000|  0%| F|  |TAMS 0x000000008e900000, 0x000000008e900000| Untracked 
| 234|0x000000008ea00000, 0x000000008ea00000, 0x000000008eb00000|  0%| F|  |TAMS 0x000000008ea00000, 0x000000008ea00000| Untracked 
| 235|0x000000008eb00000, 0x000000008eb00000, 0x000000008ec00000|  0%| F|  |TAMS 0x000000008eb00000, 0x000000008eb00000| Untracked 
| 236|0x000000008ec00000, 0x000000008ec00000, 0x000000008ed00000|  0%| F|  |TAMS 0x000000008ec00000, 0x000000008ec00000| Untracked 
| 237|0x000000008ed00000, 0x000000008ed00000, 0x000000008ee00000|  0%| F|  |TAMS 0x000000008ed00000, 0x000000008ed00000| Untracked 
| 238|0x000000008ee00000, 0x000000008ee00000, 0x000000008ef00000|  0%| F|  |TAMS 0x000000008ee00000, 0x000000008ee00000| Untracked 
| 239|0x000000008ef00000, 0x000000008ef00000, 0x000000008f000000|  0%| F|  |TAMS 0x000000008ef00000, 0x000000008ef00000| Untracked 
| 240|0x000000008f000000, 0x000000008f000000, 0x000000008f100000|  0%| F|  |TAMS 0x000000008f000000, 0x000000008f000000| Untracked 
| 241|0x000000008f100000, 0x000000008f200000, 0x000000008f200000|100%| O|  |TAMS 0x000000008f200000, 0x000000008f100000| Updating 
| 242|0x000000008f200000, 0x000000008f200000, 0x000000008f300000|  0%| F|  |TAMS 0x000000008f200000, 0x000000008f200000| Untracked 
| 243|0x000000008f300000, 0x000000008f400000, 0x000000008f400000|100%| O|  |TAMS 0x000000008f400000, 0x000000008f300000| Updating 
| 244|0x000000008f400000, 0x000000008f500000, 0x000000008f500000|100%| O|  |TAMS 0x000000008f400000, 0x000000008f400000| Untracked 
| 245|0x000000008f500000, 0x000000008f600000, 0x000000008f600000|100%| O|  |TAMS 0x000000008f500000, 0x000000008f500000| Untracked 
| 246|0x000000008f600000, 0x000000008f700000, 0x000000008f700000|100%| O|  |TAMS 0x000000008f700000, 0x000000008f600000| Untracked 
| 247|0x000000008f700000, 0x000000008f800000, 0x000000008f800000|100%| O|  |TAMS 0x000000008f800000, 0x000000008f700000| Untracked 
| 248|0x000000008f800000, 0x000000008f900000, 0x000000008f900000|100%| O|  |TAMS 0x000000008f900000, 0x000000008f800000| Updating 
| 249|0x000000008f900000, 0x000000008fa00000, 0x000000008fa00000|100%| O|  |TAMS 0x000000008fa00000, 0x000000008f900000| Updating 
| 250|0x000000008fa00000, 0x000000008fb00000, 0x000000008fb00000|100%| O|  |TAMS 0x000000008fb00000, 0x000000008fa00000| Untracked 
| 251|0x000000008fb00000, 0x000000008fc00000, 0x000000008fc00000|100%| O|  |TAMS 0x000000008fb00000, 0x000000008fb00000| Untracked 
| 252|0x000000008fc00000, 0x000000008fd00000, 0x000000008fd00000|100%| O|  |TAMS 0x000000008fc00000, 0x000000008fc00000| Untracked 
| 253|0x000000008fd00000, 0x000000008fe00000, 0x000000008fe00000|100%| O|  |TAMS 0x000000008fd00000, 0x000000008fd00000| Untracked 
| 254|0x000000008fe00000, 0x000000008ff00000, 0x000000008ff00000|100%| O|  |TAMS 0x000000008ff00000, 0x000000008fe00000| Updating 
| 255|0x000000008ff00000, 0x0000000090000000, 0x0000000090000000|100%| O|  |TAMS 0x0000000090000000, 0x000000008ff00000| Updating 
| 256|0x0000000090000000, 0x0000000090100000, 0x0000000090100000|100%| O|  |TAMS 0x0000000090100000, 0x0000000090000000| Untracked 
| 257|0x0000000090100000, 0x0000000090200000, 0x0000000090200000|100%| O|  |TAMS 0x0000000090200000, 0x0000000090100000| Updating 
| 258|0x0000000090200000, 0x0000000090300000, 0x0000000090300000|100%| O|  |TAMS 0x0000000090300000, 0x0000000090200000| Updating 
| 259|0x0000000090300000, 0x0000000090400000, 0x0000000090400000|100%| O|  |TAMS 0x0000000090400000, 0x0000000090300000| Updating 
| 260|0x0000000090400000, 0x0000000090500000, 0x0000000090500000|100%| O|  |TAMS 0x0000000090500000, 0x0000000090400000| Untracked 
| 261|0x0000000090500000, 0x0000000090600000, 0x0000000090600000|100%| O|  |TAMS 0x0000000090500000, 0x0000000090500000| Untracked 
| 262|0x0000000090600000, 0x0000000090700000, 0x0000000090700000|100%| O|  |TAMS 0x0000000090700000, 0x0000000090600000| Updating 
| 263|0x0000000090700000, 0x0000000090800000, 0x0000000090800000|100%| O|  |TAMS 0x0000000090800000, 0x0000000090700000| Updating 
| 264|0x0000000090800000, 0x0000000090900000, 0x0000000090900000|100%| O|  |TAMS 0x0000000090900000, 0x0000000090800000| Untracked 
| 265|0x0000000090900000, 0x0000000090a00000, 0x0000000090a00000|100%| O|  |TAMS 0x0000000090a00000, 0x0000000090900000| Untracked 
| 266|0x0000000090a00000, 0x0000000090b00000, 0x0000000090b00000|100%| O|  |TAMS 0x0000000090b00000, 0x0000000090a00000| Untracked 
| 267|0x0000000090b00000, 0x0000000090c00000, 0x0000000090c00000|100%| O|  |TAMS 0x0000000090c00000, 0x0000000090b00000| Untracked 
| 268|0x0000000090c00000, 0x0000000090d00000, 0x0000000090d00000|100%| O|  |TAMS 0x0000000090d00000, 0x0000000090c00000| Untracked 
| 269|0x0000000090d00000, 0x0000000090e00000, 0x0000000090e00000|100%| O|  |TAMS 0x0000000090e00000, 0x0000000090d00000| Untracked 
| 270|0x0000000090e00000, 0x0000000090e00000, 0x0000000090f00000|  0%| F|  |TAMS 0x0000000090e00000, 0x0000000090e00000| Untracked 
| 271|0x0000000090f00000, 0x0000000091000000, 0x0000000091000000|100%| O|  |TAMS 0x0000000091000000, 0x0000000090f00000| Updating 
| 272|0x0000000091000000, 0x0000000091100000, 0x0000000091100000|100%| O|  |TAMS 0x0000000091100000, 0x0000000091000000| Updating 
| 273|0x0000000091100000, 0x0000000091200000, 0x0000000091200000|100%| O|  |TAMS 0x0000000091200000, 0x0000000091100000| Untracked 
| 274|0x0000000091200000, 0x0000000091300000, 0x0000000091300000|100%| O|  |TAMS 0x0000000091300000, 0x0000000091200000| Untracked 
| 275|0x0000000091300000, 0x0000000091400000, 0x0000000091400000|100%| O|  |TAMS 0x0000000091400000, 0x0000000091300000| Untracked 
| 276|0x0000000091400000, 0x0000000091400000, 0x0000000091500000|  0%| F|  |TAMS 0x0000000091400000, 0x0000000091400000| Untracked 
| 277|0x0000000091500000, 0x0000000091600000, 0x0000000091600000|100%| O|  |TAMS 0x0000000091600000, 0x0000000091500000| Updating 
| 278|0x0000000091600000, 0x0000000091700000, 0x0000000091700000|100%| O|  |TAMS 0x0000000091700000, 0x0000000091600000| Untracked 
| 279|0x0000000091700000, 0x0000000091800000, 0x0000000091800000|100%| O|  |TAMS 0x0000000091800000, 0x0000000091700000| Untracked 
| 280|0x0000000091800000, 0x0000000091900000, 0x0000000091900000|100%| O|  |TAMS 0x0000000091900000, 0x0000000091800000| Untracked 
| 281|0x0000000091900000, 0x0000000091a00000, 0x0000000091a00000|100%| O|  |TAMS 0x0000000091a00000, 0x0000000091900000| Untracked 
| 282|0x0000000091a00000, 0x0000000091b00000, 0x0000000091b00000|100%| O|  |TAMS 0x0000000091b00000, 0x0000000091a00000| Updating 
| 283|0x0000000091b00000, 0x0000000091c00000, 0x0000000091c00000|100%| O|  |TAMS 0x0000000091c00000, 0x0000000091b00000| Updating 
| 284|0x0000000091c00000, 0x0000000091d00000, 0x0000000091d00000|100%| O|  |TAMS 0x0000000091c72a00, 0x0000000091c00000| Updating 
| 285|0x0000000091d00000, 0x0000000091d00000, 0x0000000091e00000|  0%| F|  |TAMS 0x0000000091d00000, 0x0000000091d00000| Untracked 
| 286|0x0000000091e00000, 0x0000000091e00000, 0x0000000091f00000|  0%| F|  |TAMS 0x0000000091e00000, 0x0000000091e00000| Untracked 
| 287|0x0000000091f00000, 0x0000000091f00000, 0x0000000092000000|  0%| F|  |TAMS 0x0000000091f00000, 0x0000000091f00000| Untracked 
| 288|0x0000000092000000, 0x0000000092000000, 0x0000000092100000|  0%| F|  |TAMS 0x0000000092000000, 0x0000000092000000| Untracked 
| 289|0x0000000092100000, 0x0000000092100000, 0x0000000092200000|  0%| F|  |TAMS 0x0000000092100000, 0x0000000092100000| Untracked 
| 290|0x0000000092200000, 0x0000000092200000, 0x0000000092300000|  0%| F|  |TAMS 0x0000000092200000, 0x0000000092200000| Untracked 
| 291|0x0000000092300000, 0x0000000092300000, 0x0000000092400000|  0%| F|  |TAMS 0x0000000092300000, 0x0000000092300000| Untracked 
| 292|0x0000000092400000, 0x0000000092500000, 0x0000000092500000|100%| O|  |TAMS 0x0000000092500000, 0x0000000092400000| Untracked 
| 293|0x0000000092500000, 0x0000000092500000, 0x0000000092600000|  0%| F|  |TAMS 0x0000000092500000, 0x0000000092500000| Untracked 
| 294|0x0000000092600000, 0x0000000092600000, 0x0000000092700000|  0%| F|  |TAMS 0x0000000092600000, 0x0000000092600000| Untracked 
| 295|0x0000000092700000, 0x0000000092800000, 0x0000000092800000|100%| O|  |TAMS 0x0000000092800000, 0x0000000092700000| Updating 
| 296|0x0000000092800000, 0x00000000928ffff0, 0x0000000092900000| 99%| O|  |TAMS 0x00000000928ffff0, 0x0000000092800000| Untracked 
| 297|0x0000000092900000, 0x0000000092900000, 0x0000000092a00000|  0%| F|  |TAMS 0x0000000092900000, 0x0000000092900000| Untracked 
| 298|0x0000000092a00000, 0x0000000092b00000, 0x0000000092b00000|100%| O|  |TAMS 0x0000000092b00000, 0x0000000092a00000| Updating 
| 299|0x0000000092b00000, 0x0000000092c00000, 0x0000000092c00000|100%| O|  |TAMS 0x0000000092c00000, 0x0000000092b00000| Updating 
| 300|0x0000000092c00000, 0x0000000092d00000, 0x0000000092d00000|100%| O|  |TAMS 0x0000000092d00000, 0x0000000092c00000| Updating 
| 301|0x0000000092d00000, 0x0000000092d00000, 0x0000000092e00000|  0%| F|  |TAMS 0x0000000092d00000, 0x0000000092d00000| Untracked 
| 302|0x0000000092e00000, 0x0000000092ef5eb0, 0x0000000092f00000| 96%| O|  |TAMS 0x0000000092ef5eb0, 0x0000000092e00000| Updating 
| 303|0x0000000092f00000, 0x0000000093000000, 0x0000000093000000|100%| O|  |TAMS 0x0000000093000000, 0x0000000092f00000| Updating 
| 304|0x0000000093000000, 0x00000000930ffff0, 0x0000000093100000| 99%| O|  |TAMS 0x00000000930ffff0, 0x0000000093000000| Updating 
| 305|0x0000000093100000, 0x0000000093200000, 0x0000000093200000|100%| O|  |TAMS 0x0000000093200000, 0x0000000093100000| Updating 
| 306|0x0000000093200000, 0x00000000932ffff8, 0x0000000093300000| 99%| O|  |TAMS 0x00000000932ffff8, 0x0000000093200000| Updating 
| 307|0x0000000093300000, 0x0000000093300000, 0x0000000093400000|  0%| F|  |TAMS 0x0000000093300000, 0x0000000093300000| Untracked 
| 308|0x0000000093400000, 0x0000000093500000, 0x0000000093500000|100%| O|  |TAMS 0x0000000093500000, 0x0000000093400000| Updating 
| 309|0x0000000093500000, 0x0000000093600000, 0x0000000093600000|100%| O|  |TAMS 0x0000000093600000, 0x0000000093500000| Updating 
| 310|0x0000000093600000, 0x00000000936ffff0, 0x0000000093700000| 99%| O|  |TAMS 0x00000000936ffff0, 0x0000000093600000| Updating 
| 311|0x0000000093700000, 0x0000000093800000, 0x0000000093800000|100%| O|  |TAMS 0x0000000093800000, 0x0000000093700000| Updating 
| 312|0x0000000093800000, 0x0000000093900000, 0x0000000093900000|100%| O|  |TAMS 0x0000000093900000, 0x0000000093800000| Updating 
| 313|0x0000000093900000, 0x0000000093a00000, 0x0000000093a00000|100%| O|  |TAMS 0x0000000093a00000, 0x0000000093900000| Updating 
| 314|0x0000000093a00000, 0x0000000093b00000, 0x0000000093b00000|100%| O|  |TAMS 0x0000000093b00000, 0x0000000093a00000| Updating 
| 315|0x0000000093b00000, 0x0000000093c00000, 0x0000000093c00000|100%| O|  |TAMS 0x0000000093c00000, 0x0000000093b00000| Updating 
| 316|0x0000000093c00000, 0x0000000093d00000, 0x0000000093d00000|100%| O|  |TAMS 0x0000000093d00000, 0x0000000093c00000| Updating 
| 317|0x0000000093d00000, 0x0000000093e00000, 0x0000000093e00000|100%| O|  |TAMS 0x0000000093e00000, 0x0000000093d00000| Updating 
| 318|0x0000000093e00000, 0x0000000093f00000, 0x0000000093f00000|100%| O|  |TAMS 0x0000000093f00000, 0x0000000093e00000| Updating 
| 319|0x0000000093f00000, 0x0000000094000000, 0x0000000094000000|100%| O|  |TAMS 0x0000000094000000, 0x0000000093f00000| Updating 
| 320|0x0000000094000000, 0x0000000094100000, 0x0000000094100000|100%| O|  |TAMS 0x0000000094100000, 0x0000000094000000| Updating 
| 321|0x0000000094100000, 0x0000000094200000, 0x0000000094200000|100%| O|  |TAMS 0x0000000094200000, 0x0000000094100000| Updating 
| 322|0x0000000094200000, 0x0000000094200000, 0x0000000094300000|  0%| F|  |TAMS 0x0000000094200000, 0x0000000094200000| Untracked 
| 323|0x0000000094300000, 0x0000000094300000, 0x0000000094400000|  0%| F|  |TAMS 0x0000000094300000, 0x0000000094300000| Untracked 
| 324|0x0000000094400000, 0x0000000094400000, 0x0000000094500000|  0%| F|  |TAMS 0x0000000094400000, 0x0000000094400000| Untracked 
| 325|0x0000000094500000, 0x0000000094500000, 0x0000000094600000|  0%| F|  |TAMS 0x0000000094500000, 0x0000000094500000| Untracked 
| 326|0x0000000094600000, 0x0000000094600000, 0x0000000094700000|  0%| F|  |TAMS 0x0000000094600000, 0x0000000094600000| Untracked 
| 327|0x0000000094700000, 0x0000000094700000, 0x0000000094800000|  0%| F|  |TAMS 0x0000000094700000, 0x0000000094700000| Untracked 
| 328|0x0000000094800000, 0x0000000094800000, 0x0000000094900000|  0%| F|  |TAMS 0x0000000094800000, 0x0000000094800000| Untracked 
| 329|0x0000000094900000, 0x0000000094900000, 0x0000000094a00000|  0%| F|  |TAMS 0x0000000094900000, 0x0000000094900000| Untracked 
| 330|0x0000000094a00000, 0x0000000094a8d1e0, 0x0000000094b00000| 55%| O|  |TAMS 0x0000000094a8d1e0, 0x0000000094a00000| Updating 
| 331|0x0000000094b00000, 0x0000000094b00000, 0x0000000094c00000|  0%| F|  |TAMS 0x0000000094b00000, 0x0000000094b00000| Untracked 
| 332|0x0000000094c00000, 0x0000000094c00000, 0x0000000094d00000|  0%| F|  |TAMS 0x0000000094c00000, 0x0000000094c00000| Untracked 
| 333|0x0000000094d00000, 0x0000000094d00000, 0x0000000094e00000|  0%| F|  |TAMS 0x0000000094d00000, 0x0000000094d00000| Untracked 
| 334|0x0000000094e00000, 0x0000000094e00000, 0x0000000094f00000|  0%| F|  |TAMS 0x0000000094e00000, 0x0000000094e00000| Untracked 
| 335|0x0000000094f00000, 0x0000000094f00000, 0x0000000095000000|  0%| F|  |TAMS 0x0000000094f00000, 0x0000000094f00000| Untracked 
| 336|0x0000000095000000, 0x0000000095000000, 0x0000000095100000|  0%| F|  |TAMS 0x0000000095000000, 0x0000000095000000| Untracked 
| 337|0x0000000095100000, 0x0000000095100000, 0x0000000095200000|  0%| F|  |TAMS 0x0000000095100000, 0x0000000095100000| Untracked 
| 338|0x0000000095200000, 0x0000000095200000, 0x0000000095300000|  0%| F|  |TAMS 0x0000000095200000, 0x0000000095200000| Untracked 
| 339|0x0000000095300000, 0x0000000095300000, 0x0000000095400000|  0%| F|  |TAMS 0x0000000095300000, 0x0000000095300000| Untracked 
| 340|0x0000000095400000, 0x0000000095400000, 0x0000000095500000|  0%| F|  |TAMS 0x0000000095400000, 0x0000000095400000| Untracked 
| 341|0x0000000095500000, 0x0000000095500000, 0x0000000095600000|  0%| F|  |TAMS 0x0000000095500000, 0x0000000095500000| Untracked 
| 342|0x0000000095600000, 0x0000000095600000, 0x0000000095700000|  0%| F|  |TAMS 0x0000000095600000, 0x0000000095600000| Untracked 
| 343|0x0000000095700000, 0x0000000095700000, 0x0000000095800000|  0%| F|  |TAMS 0x0000000095700000, 0x0000000095700000| Untracked 
| 344|0x0000000095800000, 0x0000000095800000, 0x0000000095900000|  0%| F|  |TAMS 0x0000000095800000, 0x0000000095800000| Untracked 
| 345|0x0000000095900000, 0x0000000095900000, 0x0000000095a00000|  0%| F|  |TAMS 0x0000000095900000, 0x0000000095900000| Untracked 
| 346|0x0000000095a00000, 0x0000000095a00000, 0x0000000095b00000|  0%| F|  |TAMS 0x0000000095a00000, 0x0000000095a00000| Untracked 
| 347|0x0000000095b00000, 0x0000000095b00000, 0x0000000095c00000|  0%| F|  |TAMS 0x0000000095b00000, 0x0000000095b00000| Untracked 
| 348|0x0000000095c00000, 0x0000000095c00000, 0x0000000095d00000|  0%| F|  |TAMS 0x0000000095c00000, 0x0000000095c00000| Untracked 
| 349|0x0000000095d00000, 0x0000000095d00000, 0x0000000095e00000|  0%| F|  |TAMS 0x0000000095d00000, 0x0000000095d00000| Untracked 
| 350|0x0000000095e00000, 0x0000000095e00000, 0x0000000095f00000|  0%| F|  |TAMS 0x0000000095e00000, 0x0000000095e00000| Untracked 
| 351|0x0000000095f00000, 0x0000000095f00000, 0x0000000096000000|  0%| F|  |TAMS 0x0000000095f00000, 0x0000000095f00000| Untracked 
| 352|0x0000000096000000, 0x0000000096000000, 0x0000000096100000|  0%| F|  |TAMS 0x0000000096000000, 0x0000000096000000| Untracked 
| 353|0x0000000096100000, 0x0000000096100000, 0x0000000096200000|  0%| F|  |TAMS 0x0000000096100000, 0x0000000096100000| Untracked 
| 354|0x0000000096200000, 0x0000000096200000, 0x0000000096300000|  0%| F|  |TAMS 0x0000000096200000, 0x0000000096200000| Untracked 
| 355|0x0000000096300000, 0x0000000096300000, 0x0000000096400000|  0%| F|  |TAMS 0x0000000096300000, 0x0000000096300000| Untracked 
| 356|0x0000000096400000, 0x0000000096400000, 0x0000000096500000|  0%| F|  |TAMS 0x0000000096400000, 0x0000000096400000| Untracked 
| 357|0x0000000096500000, 0x0000000096500000, 0x0000000096600000|  0%| F|  |TAMS 0x0000000096500000, 0x0000000096500000| Untracked 
| 358|0x0000000096600000, 0x0000000096600000, 0x0000000096700000|  0%| F|  |TAMS 0x0000000096600000, 0x0000000096600000| Untracked 
| 359|0x0000000096700000, 0x0000000096700000, 0x0000000096800000|  0%| F|  |TAMS 0x0000000096700000, 0x0000000096700000| Untracked 
| 360|0x0000000096800000, 0x0000000096800000, 0x0000000096900000|  0%| F|  |TAMS 0x0000000096800000, 0x0000000096800000| Untracked 
| 361|0x0000000096900000, 0x0000000096900000, 0x0000000096a00000|  0%| F|  |TAMS 0x0000000096900000, 0x0000000096900000| Untracked 
| 362|0x0000000096a00000, 0x0000000096a00000, 0x0000000096b00000|  0%| F|  |TAMS 0x0000000096a00000, 0x0000000096a00000| Untracked 
| 363|0x0000000096b00000, 0x0000000096b00000, 0x0000000096c00000|  0%| F|  |TAMS 0x0000000096b00000, 0x0000000096b00000| Untracked 
| 364|0x0000000096c00000, 0x0000000096c00000, 0x0000000096d00000|  0%| F|  |TAMS 0x0000000096c00000, 0x0000000096c00000| Untracked 
| 365|0x0000000096d00000, 0x0000000096d00000, 0x0000000096e00000|  0%| F|  |TAMS 0x0000000096d00000, 0x0000000096d00000| Untracked 
| 366|0x0000000096e00000, 0x0000000096e00000, 0x0000000096f00000|  0%| F|  |TAMS 0x0000000096e00000, 0x0000000096e00000| Untracked 
| 367|0x0000000096f00000, 0x0000000096f00000, 0x0000000097000000|  0%| F|  |TAMS 0x0000000096f00000, 0x0000000096f00000| Untracked 
| 368|0x0000000097000000, 0x0000000097000000, 0x0000000097100000|  0%| F|  |TAMS 0x0000000097000000, 0x0000000097000000| Untracked 
| 369|0x0000000097100000, 0x0000000097100000, 0x0000000097200000|  0%| F|  |TAMS 0x0000000097100000, 0x0000000097100000| Untracked 
| 370|0x0000000097200000, 0x0000000097200000, 0x0000000097300000|  0%| F|  |TAMS 0x0000000097200000, 0x0000000097200000| Untracked 
| 371|0x0000000097300000, 0x0000000097300000, 0x0000000097400000|  0%| F|  |TAMS 0x0000000097300000, 0x0000000097300000| Untracked 
| 372|0x0000000097400000, 0x0000000097400000, 0x0000000097500000|  0%| F|  |TAMS 0x0000000097400000, 0x0000000097400000| Untracked 
| 373|0x0000000097500000, 0x0000000097500000, 0x0000000097600000|  0%| F|  |TAMS 0x0000000097500000, 0x0000000097500000| Untracked 
| 374|0x0000000097600000, 0x0000000097600000, 0x0000000097700000|  0%| F|  |TAMS 0x0000000097600000, 0x0000000097600000| Untracked 
| 375|0x0000000097700000, 0x0000000097700000, 0x0000000097800000|  0%| F|  |TAMS 0x0000000097700000, 0x0000000097700000| Untracked 
| 376|0x0000000097800000, 0x0000000097800000, 0x0000000097900000|  0%| F|  |TAMS 0x0000000097800000, 0x0000000097800000| Untracked 
| 377|0x0000000097900000, 0x0000000097900000, 0x0000000097a00000|  0%| F|  |TAMS 0x0000000097900000, 0x0000000097900000| Untracked 
| 378|0x0000000097a00000, 0x0000000097a00000, 0x0000000097b00000|  0%| F|  |TAMS 0x0000000097a00000, 0x0000000097a00000| Untracked 
| 379|0x0000000097b00000, 0x0000000097b00000, 0x0000000097c00000|  0%| F|  |TAMS 0x0000000097b00000, 0x0000000097b00000| Untracked 
| 380|0x0000000097c00000, 0x0000000097c00000, 0x0000000097d00000|  0%| F|  |TAMS 0x0000000097c00000, 0x0000000097c00000| Untracked 
| 381|0x0000000097d00000, 0x0000000097d00000, 0x0000000097e00000|  0%| F|  |TAMS 0x0000000097d00000, 0x0000000097d00000| Untracked 
| 382|0x0000000097e00000, 0x0000000097e00000, 0x0000000097f00000|  0%| F|  |TAMS 0x0000000097e00000, 0x0000000097e00000| Untracked 
| 383|0x0000000097f00000, 0x0000000097f00000, 0x0000000098000000|  0%| F|  |TAMS 0x0000000097f00000, 0x0000000097f00000| Untracked 
| 384|0x0000000098000000, 0x0000000098000000, 0x0000000098100000|  0%| F|  |TAMS 0x0000000098000000, 0x0000000098000000| Untracked 
| 385|0x0000000098100000, 0x0000000098100000, 0x0000000098200000|  0%| F|  |TAMS 0x0000000098100000, 0x0000000098100000| Untracked 
| 386|0x0000000098200000, 0x0000000098200000, 0x0000000098300000|  0%| F|  |TAMS 0x0000000098200000, 0x0000000098200000| Untracked 
| 387|0x0000000098300000, 0x0000000098300000, 0x0000000098400000|  0%| F|  |TAMS 0x0000000098300000, 0x0000000098300000| Untracked 
| 388|0x0000000098400000, 0x0000000098400000, 0x0000000098500000|  0%| F|  |TAMS 0x0000000098400000, 0x0000000098400000| Untracked 
| 389|0x0000000098500000, 0x0000000098500000, 0x0000000098600000|  0%| F|  |TAMS 0x0000000098500000, 0x0000000098500000| Untracked 
| 390|0x0000000098600000, 0x0000000098600000, 0x0000000098700000|  0%| F|  |TAMS 0x0000000098600000, 0x0000000098600000| Untracked 
| 391|0x0000000098700000, 0x0000000098700000, 0x0000000098800000|  0%| F|  |TAMS 0x0000000098700000, 0x0000000098700000| Untracked 
| 392|0x0000000098800000, 0x0000000098800000, 0x0000000098900000|  0%| F|  |TAMS 0x0000000098800000, 0x0000000098800000| Untracked 
| 393|0x0000000098900000, 0x0000000098900000, 0x0000000098a00000|  0%| F|  |TAMS 0x0000000098900000, 0x0000000098900000| Untracked 
| 394|0x0000000098a00000, 0x0000000098a00000, 0x0000000098b00000|  0%| F|  |TAMS 0x0000000098a00000, 0x0000000098a00000| Untracked 
| 395|0x0000000098b00000, 0x0000000098b00000, 0x0000000098c00000|  0%| F|  |TAMS 0x0000000098b00000, 0x0000000098b00000| Untracked 
| 396|0x0000000098c00000, 0x0000000098c00000, 0x0000000098d00000|  0%| F|  |TAMS 0x0000000098c00000, 0x0000000098c00000| Untracked 
| 397|0x0000000098d00000, 0x0000000098d00000, 0x0000000098e00000|  0%| F|  |TAMS 0x0000000098d00000, 0x0000000098d00000| Untracked 
| 398|0x0000000098e00000, 0x0000000098e00000, 0x0000000098f00000|  0%| F|  |TAMS 0x0000000098e00000, 0x0000000098e00000| Untracked 
| 399|0x0000000098f00000, 0x0000000098f00000, 0x0000000099000000|  0%| F|  |TAMS 0x0000000098f00000, 0x0000000098f00000| Untracked 
| 400|0x0000000099000000, 0x0000000099000000, 0x0000000099100000|  0%| F|  |TAMS 0x0000000099000000, 0x0000000099000000| Untracked 
| 401|0x0000000099100000, 0x0000000099100000, 0x0000000099200000|  0%| F|  |TAMS 0x0000000099100000, 0x0000000099100000| Untracked 
| 402|0x0000000099200000, 0x0000000099200000, 0x0000000099300000|  0%| F|  |TAMS 0x0000000099200000, 0x0000000099200000| Untracked 
| 403|0x0000000099300000, 0x0000000099300000, 0x0000000099400000|  0%| F|  |TAMS 0x0000000099300000, 0x0000000099300000| Untracked 
| 404|0x0000000099400000, 0x0000000099400000, 0x0000000099500000|  0%| F|  |TAMS 0x0000000099400000, 0x0000000099400000| Untracked 
| 405|0x0000000099500000, 0x0000000099500000, 0x0000000099600000|  0%| F|  |TAMS 0x0000000099500000, 0x0000000099500000| Untracked 
| 406|0x0000000099600000, 0x0000000099600000, 0x0000000099700000|  0%| F|  |TAMS 0x0000000099600000, 0x0000000099600000| Untracked 
| 407|0x0000000099700000, 0x0000000099700000, 0x0000000099800000|  0%| F|  |TAMS 0x0000000099700000, 0x0000000099700000| Untracked 
| 408|0x0000000099800000, 0x0000000099800000, 0x0000000099900000|  0%| F|  |TAMS 0x0000000099800000, 0x0000000099800000| Untracked 
| 409|0x0000000099900000, 0x0000000099900000, 0x0000000099a00000|  0%| F|  |TAMS 0x0000000099900000, 0x0000000099900000| Untracked 
| 410|0x0000000099a00000, 0x0000000099a00000, 0x0000000099b00000|  0%| F|  |TAMS 0x0000000099a00000, 0x0000000099a00000| Untracked 
| 411|0x0000000099b00000, 0x0000000099b00000, 0x0000000099c00000|  0%| F|  |TAMS 0x0000000099b00000, 0x0000000099b00000| Untracked 
| 412|0x0000000099c00000, 0x0000000099c00000, 0x0000000099d00000|  0%| F|  |TAMS 0x0000000099c00000, 0x0000000099c00000| Untracked 
| 413|0x0000000099d00000, 0x0000000099d00000, 0x0000000099e00000|  0%| F|  |TAMS 0x0000000099d00000, 0x0000000099d00000| Untracked 
| 414|0x0000000099e00000, 0x0000000099e00000, 0x0000000099f00000|  0%| F|  |TAMS 0x0000000099e00000, 0x0000000099e00000| Untracked 
| 415|0x0000000099f00000, 0x0000000099f00000, 0x000000009a000000|  0%| F|  |TAMS 0x0000000099f00000, 0x0000000099f00000| Untracked 
| 416|0x000000009a000000, 0x000000009a000000, 0x000000009a100000|  0%| F|  |TAMS 0x000000009a000000, 0x000000009a000000| Untracked 
| 417|0x000000009a100000, 0x000000009a100000, 0x000000009a200000|  0%| F|  |TAMS 0x000000009a100000, 0x000000009a100000| Untracked 
| 418|0x000000009a200000, 0x000000009a200000, 0x000000009a300000|  0%| F|  |TAMS 0x000000009a200000, 0x000000009a200000| Untracked 
| 419|0x000000009a300000, 0x000000009a300000, 0x000000009a400000|  0%| F|  |TAMS 0x000000009a300000, 0x000000009a300000| Untracked 
| 420|0x000000009a400000, 0x000000009a400000, 0x000000009a500000|  0%| F|  |TAMS 0x000000009a400000, 0x000000009a400000| Untracked 
| 421|0x000000009a500000, 0x000000009a500000, 0x000000009a600000|  0%| F|  |TAMS 0x000000009a500000, 0x000000009a500000| Untracked 
| 422|0x000000009a600000, 0x000000009a600000, 0x000000009a700000|  0%| F|  |TAMS 0x000000009a600000, 0x000000009a600000| Untracked 
| 423|0x000000009a700000, 0x000000009a700000, 0x000000009a800000|  0%| F|  |TAMS 0x000000009a700000, 0x000000009a700000| Untracked 
| 424|0x000000009a800000, 0x000000009a800000, 0x000000009a900000|  0%| F|  |TAMS 0x000000009a800000, 0x000000009a800000| Untracked 
| 425|0x000000009a900000, 0x000000009a900000, 0x000000009aa00000|  0%| F|  |TAMS 0x000000009a900000, 0x000000009a900000| Untracked 
| 426|0x000000009aa00000, 0x000000009aa00000, 0x000000009ab00000|  0%| F|  |TAMS 0x000000009aa00000, 0x000000009aa00000| Untracked 
| 427|0x000000009ab00000, 0x000000009ab00000, 0x000000009ac00000|  0%| F|  |TAMS 0x000000009ab00000, 0x000000009ab00000| Untracked 
| 428|0x000000009ac00000, 0x000000009ac00000, 0x000000009ad00000|  0%| F|  |TAMS 0x000000009ac00000, 0x000000009ac00000| Untracked 
| 429|0x000000009ad00000, 0x000000009ad00000, 0x000000009ae00000|  0%| F|  |TAMS 0x000000009ad00000, 0x000000009ad00000| Untracked 
| 430|0x000000009ae00000, 0x000000009ae00000, 0x000000009af00000|  0%| F|  |TAMS 0x000000009ae00000, 0x000000009ae00000| Untracked 
| 431|0x000000009af00000, 0x000000009af00000, 0x000000009b000000|  0%| F|  |TAMS 0x000000009af00000, 0x000000009af00000| Untracked 
| 432|0x000000009b000000, 0x000000009b000000, 0x000000009b100000|  0%| F|  |TAMS 0x000000009b000000, 0x000000009b000000| Untracked 
| 433|0x000000009b100000, 0x000000009b100000, 0x000000009b200000|  0%| F|  |TAMS 0x000000009b100000, 0x000000009b100000| Untracked 
| 434|0x000000009b200000, 0x000000009b200000, 0x000000009b300000|  0%| F|  |TAMS 0x000000009b200000, 0x000000009b200000| Untracked 
| 435|0x000000009b300000, 0x000000009b300000, 0x000000009b400000|  0%| F|  |TAMS 0x000000009b300000, 0x000000009b300000| Untracked 
| 436|0x000000009b400000, 0x000000009b400000, 0x000000009b500000|  0%| F|  |TAMS 0x000000009b400000, 0x000000009b400000| Untracked 
| 437|0x000000009b500000, 0x000000009b500000, 0x000000009b600000|  0%| F|  |TAMS 0x000000009b500000, 0x000000009b500000| Untracked 
| 438|0x000000009b600000, 0x000000009b600000, 0x000000009b700000|  0%| F|  |TAMS 0x000000009b600000, 0x000000009b600000| Untracked 
| 439|0x000000009b700000, 0x000000009b700000, 0x000000009b800000|  0%| F|  |TAMS 0x000000009b700000, 0x000000009b700000| Untracked 
| 440|0x000000009b800000, 0x000000009b800000, 0x000000009b900000|  0%| F|  |TAMS 0x000000009b800000, 0x000000009b800000| Untracked 
| 441|0x000000009b900000, 0x000000009b900000, 0x000000009ba00000|  0%| F|  |TAMS 0x000000009b900000, 0x000000009b900000| Untracked 
| 442|0x000000009ba00000, 0x000000009ba00000, 0x000000009bb00000|  0%| F|  |TAMS 0x000000009ba00000, 0x000000009ba00000| Untracked 
| 443|0x000000009bb00000, 0x000000009bb00000, 0x000000009bc00000|  0%| F|  |TAMS 0x000000009bb00000, 0x000000009bb00000| Untracked 
| 444|0x000000009bc00000, 0x000000009bc00000, 0x000000009bd00000|  0%| F|  |TAMS 0x000000009bc00000, 0x000000009bc00000| Untracked 
| 445|0x000000009bd00000, 0x000000009bd00000, 0x000000009be00000|  0%| F|  |TAMS 0x000000009bd00000, 0x000000009bd00000| Untracked 
| 446|0x000000009be00000, 0x000000009be00000, 0x000000009bf00000|  0%| F|  |TAMS 0x000000009be00000, 0x000000009be00000| Untracked 
| 447|0x000000009bf00000, 0x000000009bf00000, 0x000000009c000000|  0%| F|  |TAMS 0x000000009bf00000, 0x000000009bf00000| Untracked 
| 448|0x000000009c000000, 0x000000009c000000, 0x000000009c100000|  0%| F|  |TAMS 0x000000009c000000, 0x000000009c000000| Untracked 
| 449|0x000000009c100000, 0x000000009c100000, 0x000000009c200000|  0%| F|  |TAMS 0x000000009c100000, 0x000000009c100000| Untracked 
| 450|0x000000009c200000, 0x000000009c200000, 0x000000009c300000|  0%| F|  |TAMS 0x000000009c200000, 0x000000009c200000| Untracked 
| 451|0x000000009c300000, 0x000000009c300000, 0x000000009c400000|  0%| F|  |TAMS 0x000000009c300000, 0x000000009c300000| Untracked 
| 452|0x000000009c400000, 0x000000009c400000, 0x000000009c500000|  0%| F|  |TAMS 0x000000009c400000, 0x000000009c400000| Untracked 
| 453|0x000000009c500000, 0x000000009c500000, 0x000000009c600000|  0%| F|  |TAMS 0x000000009c500000, 0x000000009c500000| Untracked 
| 454|0x000000009c600000, 0x000000009c600000, 0x000000009c700000|  0%| F|  |TAMS 0x000000009c600000, 0x000000009c600000| Untracked 
| 455|0x000000009c700000, 0x000000009c700000, 0x000000009c800000|  0%| F|  |TAMS 0x000000009c700000, 0x000000009c700000| Untracked 
| 456|0x000000009c800000, 0x000000009c800000, 0x000000009c900000|  0%| F|  |TAMS 0x000000009c800000, 0x000000009c800000| Untracked 
| 457|0x000000009c900000, 0x000000009c900000, 0x000000009ca00000|  0%| F|  |TAMS 0x000000009c900000, 0x000000009c900000| Untracked 
| 458|0x000000009ca00000, 0x000000009ca00000, 0x000000009cb00000|  0%| F|  |TAMS 0x000000009ca00000, 0x000000009ca00000| Untracked 
| 459|0x000000009cb00000, 0x000000009cb00000, 0x000000009cc00000|  0%| F|  |TAMS 0x000000009cb00000, 0x000000009cb00000| Untracked 
| 460|0x000000009cc00000, 0x000000009cc00000, 0x000000009cd00000|  0%| F|  |TAMS 0x000000009cc00000, 0x000000009cc00000| Untracked 
| 461|0x000000009cd00000, 0x000000009cd00000, 0x000000009ce00000|  0%| F|  |TAMS 0x000000009cd00000, 0x000000009cd00000| Untracked 
| 462|0x000000009ce00000, 0x000000009ce00000, 0x000000009cf00000|  0%| F|  |TAMS 0x000000009ce00000, 0x000000009ce00000| Untracked 
| 463|0x000000009cf00000, 0x000000009cf00000, 0x000000009d000000|  0%| F|  |TAMS 0x000000009cf00000, 0x000000009cf00000| Untracked 
| 464|0x000000009d000000, 0x000000009d000000, 0x000000009d100000|  0%| F|  |TAMS 0x000000009d000000, 0x000000009d000000| Untracked 
| 465|0x000000009d100000, 0x000000009d100000, 0x000000009d200000|  0%| F|  |TAMS 0x000000009d100000, 0x000000009d100000| Untracked 
| 466|0x000000009d200000, 0x000000009d200000, 0x000000009d300000|  0%| F|  |TAMS 0x000000009d200000, 0x000000009d200000| Untracked 
| 467|0x000000009d300000, 0x000000009d300000, 0x000000009d400000|  0%| F|  |TAMS 0x000000009d300000, 0x000000009d300000| Untracked 
| 468|0x000000009d400000, 0x000000009d400000, 0x000000009d500000|  0%| F|  |TAMS 0x000000009d400000, 0x000000009d400000| Untracked 
| 469|0x000000009d500000, 0x000000009d500000, 0x000000009d600000|  0%| F|  |TAMS 0x000000009d500000, 0x000000009d500000| Untracked 
| 470|0x000000009d600000, 0x000000009d600000, 0x000000009d700000|  0%| F|  |TAMS 0x000000009d600000, 0x000000009d600000| Untracked 
| 471|0x000000009d700000, 0x000000009d700000, 0x000000009d800000|  0%| F|  |TAMS 0x000000009d700000, 0x000000009d700000| Untracked 
| 472|0x000000009d800000, 0x000000009d800000, 0x000000009d900000|  0%| F|  |TAMS 0x000000009d800000, 0x000000009d800000| Untracked 
| 473|0x000000009d900000, 0x000000009d900000, 0x000000009da00000|  0%| F|  |TAMS 0x000000009d900000, 0x000000009d900000| Untracked 
| 474|0x000000009da00000, 0x000000009da00000, 0x000000009db00000|  0%| F|  |TAMS 0x000000009da00000, 0x000000009da00000| Untracked 
| 475|0x000000009db00000, 0x000000009db00000, 0x000000009dc00000|  0%| F|  |TAMS 0x000000009db00000, 0x000000009db00000| Untracked 
| 476|0x000000009dc00000, 0x000000009dc00000, 0x000000009dd00000|  0%| F|  |TAMS 0x000000009dc00000, 0x000000009dc00000| Untracked 
| 477|0x000000009dd00000, 0x000000009dd00000, 0x000000009de00000|  0%| F|  |TAMS 0x000000009dd00000, 0x000000009dd00000| Untracked 
| 478|0x000000009de00000, 0x000000009de00000, 0x000000009df00000|  0%| F|  |TAMS 0x000000009de00000, 0x000000009de00000| Untracked 
| 479|0x000000009df00000, 0x000000009df00000, 0x000000009e000000|  0%| F|  |TAMS 0x000000009df00000, 0x000000009df00000| Untracked 
| 480|0x000000009e000000, 0x000000009e000000, 0x000000009e100000|  0%| F|  |TAMS 0x000000009e000000, 0x000000009e000000| Untracked 
| 481|0x000000009e100000, 0x000000009e100000, 0x000000009e200000|  0%| F|  |TAMS 0x000000009e100000, 0x000000009e100000| Untracked 
| 482|0x000000009e200000, 0x000000009e200000, 0x000000009e300000|  0%| F|  |TAMS 0x000000009e200000, 0x000000009e200000| Untracked 
| 483|0x000000009e300000, 0x000000009e300000, 0x000000009e400000|  0%| F|  |TAMS 0x000000009e300000, 0x000000009e300000| Untracked 
| 484|0x000000009e400000, 0x000000009e400000, 0x000000009e500000|  0%| F|  |TAMS 0x000000009e400000, 0x000000009e400000| Untracked 
| 485|0x000000009e500000, 0x000000009e500000, 0x000000009e600000|  0%| F|  |TAMS 0x000000009e500000, 0x000000009e500000| Untracked 
| 486|0x000000009e600000, 0x000000009e600000, 0x000000009e700000|  0%| F|  |TAMS 0x000000009e600000, 0x000000009e600000| Untracked 
| 487|0x000000009e700000, 0x000000009e700000, 0x000000009e800000|  0%| F|  |TAMS 0x000000009e700000, 0x000000009e700000| Untracked 
| 488|0x000000009e800000, 0x000000009e800000, 0x000000009e900000|  0%| F|  |TAMS 0x000000009e800000, 0x000000009e800000| Untracked 
| 489|0x000000009e900000, 0x000000009e900000, 0x000000009ea00000|  0%| F|  |TAMS 0x000000009e900000, 0x000000009e900000| Untracked 
| 490|0x000000009ea00000, 0x000000009ea00000, 0x000000009eb00000|  0%| F|  |TAMS 0x000000009ea00000, 0x000000009ea00000| Untracked 
| 491|0x000000009eb00000, 0x000000009eb00000, 0x000000009ec00000|  0%| F|  |TAMS 0x000000009eb00000, 0x000000009eb00000| Untracked 
| 492|0x000000009ec00000, 0x000000009ec00000, 0x000000009ed00000|  0%| F|  |TAMS 0x000000009ec00000, 0x000000009ec00000| Untracked 
| 493|0x000000009ed00000, 0x000000009ed00000, 0x000000009ee00000|  0%| F|  |TAMS 0x000000009ed00000, 0x000000009ed00000| Untracked 
| 494|0x000000009ee00000, 0x000000009ee00000, 0x000000009ef00000|  0%| F|  |TAMS 0x000000009ee00000, 0x000000009ee00000| Untracked 
| 495|0x000000009ef00000, 0x000000009ef00000, 0x000000009f000000|  0%| F|  |TAMS 0x000000009ef00000, 0x000000009ef00000| Untracked 
| 496|0x000000009f000000, 0x000000009f000000, 0x000000009f100000|  0%| F|  |TAMS 0x000000009f000000, 0x000000009f000000| Untracked 
| 497|0x000000009f100000, 0x000000009f100000, 0x000000009f200000|  0%| F|  |TAMS 0x000000009f100000, 0x000000009f100000| Untracked 
| 498|0x000000009f200000, 0x000000009f200000, 0x000000009f300000|  0%| F|  |TAMS 0x000000009f200000, 0x000000009f200000| Untracked 
| 499|0x000000009f300000, 0x000000009f300000, 0x000000009f400000|  0%| F|  |TAMS 0x000000009f300000, 0x000000009f300000| Untracked 
| 500|0x000000009f400000, 0x000000009f400000, 0x000000009f500000|  0%| F|  |TAMS 0x000000009f400000, 0x000000009f400000| Untracked 
| 501|0x000000009f500000, 0x000000009f500000, 0x000000009f600000|  0%| F|  |TAMS 0x000000009f500000, 0x000000009f500000| Untracked 
| 502|0x000000009f600000, 0x000000009f600000, 0x000000009f700000|  0%| F|  |TAMS 0x000000009f600000, 0x000000009f600000| Untracked 
| 503|0x000000009f700000, 0x000000009f700000, 0x000000009f800000|  0%| F|  |TAMS 0x000000009f700000, 0x000000009f700000| Untracked 
| 504|0x000000009f800000, 0x000000009f800000, 0x000000009f900000|  0%| F|  |TAMS 0x000000009f800000, 0x000000009f800000| Untracked 
| 505|0x000000009f900000, 0x000000009f900000, 0x000000009fa00000|  0%| F|  |TAMS 0x000000009f900000, 0x000000009f900000| Untracked 
| 506|0x000000009fa00000, 0x000000009fa00000, 0x000000009fb00000|  0%| F|  |TAMS 0x000000009fa00000, 0x000000009fa00000| Untracked 
| 507|0x000000009fb00000, 0x000000009fb00000, 0x000000009fc00000|  0%| F|  |TAMS 0x000000009fb00000, 0x000000009fb00000| Untracked 
| 508|0x000000009fc00000, 0x000000009fc00000, 0x000000009fd00000|  0%| F|  |TAMS 0x000000009fc00000, 0x000000009fc00000| Untracked 
| 509|0x000000009fd00000, 0x000000009fd00000, 0x000000009fe00000|  0%| F|  |TAMS 0x000000009fd00000, 0x000000009fd00000| Untracked 
| 510|0x000000009fe00000, 0x000000009fe00000, 0x000000009ff00000|  0%| F|  |TAMS 0x000000009fe00000, 0x000000009fe00000| Untracked 
| 511|0x000000009ff00000, 0x000000009ff00000, 0x00000000a0000000|  0%| F|  |TAMS 0x000000009ff00000, 0x000000009ff00000| Untracked 
| 512|0x00000000a0000000, 0x00000000a0000000, 0x00000000a0100000|  0%| F|  |TAMS 0x00000000a0000000, 0x00000000a0000000| Untracked 
| 513|0x00000000a0100000, 0x00000000a0100000, 0x00000000a0200000|  0%| F|  |TAMS 0x00000000a0100000, 0x00000000a0100000| Untracked 
| 514|0x00000000a0200000, 0x00000000a0200000, 0x00000000a0300000|  0%| F|  |TAMS 0x00000000a0200000, 0x00000000a0200000| Untracked 
| 515|0x00000000a0300000, 0x00000000a0300000, 0x00000000a0400000|  0%| F|  |TAMS 0x00000000a0300000, 0x00000000a0300000| Untracked 
| 516|0x00000000a0400000, 0x00000000a0400000, 0x00000000a0500000|  0%| F|  |TAMS 0x00000000a0400000, 0x00000000a0400000| Untracked 
| 517|0x00000000a0500000, 0x00000000a0500000, 0x00000000a0600000|  0%| F|  |TAMS 0x00000000a0500000, 0x00000000a0500000| Untracked 
| 518|0x00000000a0600000, 0x00000000a0600000, 0x00000000a0700000|  0%| F|  |TAMS 0x00000000a0600000, 0x00000000a0600000| Untracked 
| 519|0x00000000a0700000, 0x00000000a0700000, 0x00000000a0800000|  0%| F|  |TAMS 0x00000000a0700000, 0x00000000a0700000| Untracked 
| 520|0x00000000a0800000, 0x00000000a0800000, 0x00000000a0900000|  0%| F|  |TAMS 0x00000000a0800000, 0x00000000a0800000| Untracked 
| 521|0x00000000a0900000, 0x00000000a0900000, 0x00000000a0a00000|  0%| F|  |TAMS 0x00000000a0900000, 0x00000000a0900000| Untracked 
| 522|0x00000000a0a00000, 0x00000000a0a00000, 0x00000000a0b00000|  0%| F|  |TAMS 0x00000000a0a00000, 0x00000000a0a00000| Untracked 
| 523|0x00000000a0b00000, 0x00000000a0b00000, 0x00000000a0c00000|  0%| F|  |TAMS 0x00000000a0b00000, 0x00000000a0b00000| Untracked 
| 524|0x00000000a0c00000, 0x00000000a0c00000, 0x00000000a0d00000|  0%| F|  |TAMS 0x00000000a0c00000, 0x00000000a0c00000| Untracked 
| 525|0x00000000a0d00000, 0x00000000a0d00000, 0x00000000a0e00000|  0%| F|  |TAMS 0x00000000a0d00000, 0x00000000a0d00000| Untracked 
| 526|0x00000000a0e00000, 0x00000000a0e00000, 0x00000000a0f00000|  0%| F|  |TAMS 0x00000000a0e00000, 0x00000000a0e00000| Untracked 
| 527|0x00000000a0f00000, 0x00000000a0f00000, 0x00000000a1000000|  0%| F|  |TAMS 0x00000000a0f00000, 0x00000000a0f00000| Untracked 
| 528|0x00000000a1000000, 0x00000000a1000000, 0x00000000a1100000|  0%| F|  |TAMS 0x00000000a1000000, 0x00000000a1000000| Untracked 
| 529|0x00000000a1100000, 0x00000000a1100000, 0x00000000a1200000|  0%| F|  |TAMS 0x00000000a1100000, 0x00000000a1100000| Untracked 
| 530|0x00000000a1200000, 0x00000000a1200000, 0x00000000a1300000|  0%| F|  |TAMS 0x00000000a1200000, 0x00000000a1200000| Untracked 
| 531|0x00000000a1300000, 0x00000000a1300000, 0x00000000a1400000|  0%| F|  |TAMS 0x00000000a1300000, 0x00000000a1300000| Untracked 
| 532|0x00000000a1400000, 0x00000000a1400000, 0x00000000a1500000|  0%| F|  |TAMS 0x00000000a1400000, 0x00000000a1400000| Untracked 
| 533|0x00000000a1500000, 0x00000000a1500000, 0x00000000a1600000|  0%| F|  |TAMS 0x00000000a1500000, 0x00000000a1500000| Untracked 
| 534|0x00000000a1600000, 0x00000000a1600000, 0x00000000a1700000|  0%| F|  |TAMS 0x00000000a1600000, 0x00000000a1600000| Untracked 
| 535|0x00000000a1700000, 0x00000000a1700000, 0x00000000a1800000|  0%| F|  |TAMS 0x00000000a1700000, 0x00000000a1700000| Untracked 
| 536|0x00000000a1800000, 0x00000000a1800000, 0x00000000a1900000|  0%| F|  |TAMS 0x00000000a1800000, 0x00000000a1800000| Untracked 
| 537|0x00000000a1900000, 0x00000000a1900000, 0x00000000a1a00000|  0%| F|  |TAMS 0x00000000a1900000, 0x00000000a1900000| Untracked 
| 538|0x00000000a1a00000, 0x00000000a1a00000, 0x00000000a1b00000|  0%| F|  |TAMS 0x00000000a1a00000, 0x00000000a1a00000| Untracked 
| 539|0x00000000a1b00000, 0x00000000a1b00000, 0x00000000a1c00000|  0%| F|  |TAMS 0x00000000a1b00000, 0x00000000a1b00000| Untracked 
| 540|0x00000000a1c00000, 0x00000000a1c00000, 0x00000000a1d00000|  0%| F|  |TAMS 0x00000000a1c00000, 0x00000000a1c00000| Untracked 
| 541|0x00000000a1d00000, 0x00000000a1d00000, 0x00000000a1e00000|  0%| F|  |TAMS 0x00000000a1d00000, 0x00000000a1d00000| Untracked 
| 542|0x00000000a1e00000, 0x00000000a1e00000, 0x00000000a1f00000|  0%| F|  |TAMS 0x00000000a1e00000, 0x00000000a1e00000| Untracked 
| 543|0x00000000a1f00000, 0x00000000a1f00000, 0x00000000a2000000|  0%| F|  |TAMS 0x00000000a1f00000, 0x00000000a1f00000| Untracked 
| 544|0x00000000a2000000, 0x00000000a2000000, 0x00000000a2100000|  0%| F|  |TAMS 0x00000000a2000000, 0x00000000a2000000| Untracked 
| 545|0x00000000a2100000, 0x00000000a2100000, 0x00000000a2200000|  0%| F|  |TAMS 0x00000000a2100000, 0x00000000a2100000| Untracked 
| 546|0x00000000a2200000, 0x00000000a2200000, 0x00000000a2300000|  0%| F|  |TAMS 0x00000000a2200000, 0x00000000a2200000| Untracked 
| 547|0x00000000a2300000, 0x00000000a2300000, 0x00000000a2400000|  0%| F|  |TAMS 0x00000000a2300000, 0x00000000a2300000| Untracked 
| 548|0x00000000a2400000, 0x00000000a2400000, 0x00000000a2500000|  0%| F|  |TAMS 0x00000000a2400000, 0x00000000a2400000| Untracked 
| 549|0x00000000a2500000, 0x00000000a2500000, 0x00000000a2600000|  0%| F|  |TAMS 0x00000000a2500000, 0x00000000a2500000| Untracked 
| 550|0x00000000a2600000, 0x00000000a2600000, 0x00000000a2700000|  0%| F|  |TAMS 0x00000000a2600000, 0x00000000a2600000| Untracked 
| 551|0x00000000a2700000, 0x00000000a2700000, 0x00000000a2800000|  0%| F|  |TAMS 0x00000000a2700000, 0x00000000a2700000| Untracked 
| 552|0x00000000a2800000, 0x00000000a2800000, 0x00000000a2900000|  0%| F|  |TAMS 0x00000000a2800000, 0x00000000a2800000| Untracked 
| 553|0x00000000a2900000, 0x00000000a2900000, 0x00000000a2a00000|  0%| F|  |TAMS 0x00000000a2900000, 0x00000000a2900000| Untracked 
| 554|0x00000000a2a00000, 0x00000000a2a00000, 0x00000000a2b00000|  0%| F|  |TAMS 0x00000000a2a00000, 0x00000000a2a00000| Untracked 
| 555|0x00000000a2b00000, 0x00000000a2b00000, 0x00000000a2c00000|  0%| F|  |TAMS 0x00000000a2b00000, 0x00000000a2b00000| Untracked 
| 556|0x00000000a2c00000, 0x00000000a2c00000, 0x00000000a2d00000|  0%| F|  |TAMS 0x00000000a2c00000, 0x00000000a2c00000| Untracked 
| 557|0x00000000a2d00000, 0x00000000a2d00000, 0x00000000a2e00000|  0%| F|  |TAMS 0x00000000a2d00000, 0x00000000a2d00000| Untracked 
| 558|0x00000000a2e00000, 0x00000000a2e00000, 0x00000000a2f00000|  0%| F|  |TAMS 0x00000000a2e00000, 0x00000000a2e00000| Untracked 
| 559|0x00000000a2f00000, 0x00000000a2f00000, 0x00000000a3000000|  0%| F|  |TAMS 0x00000000a2f00000, 0x00000000a2f00000| Untracked 
| 560|0x00000000a3000000, 0x00000000a3000000, 0x00000000a3100000|  0%| F|  |TAMS 0x00000000a3000000, 0x00000000a3000000| Untracked 
| 561|0x00000000a3100000, 0x00000000a3100000, 0x00000000a3200000|  0%| F|  |TAMS 0x00000000a3100000, 0x00000000a3100000| Untracked 
| 562|0x00000000a3200000, 0x00000000a3200000, 0x00000000a3300000|  0%| F|  |TAMS 0x00000000a3200000, 0x00000000a3200000| Untracked 
| 563|0x00000000a3300000, 0x00000000a3300000, 0x00000000a3400000|  0%| F|  |TAMS 0x00000000a3300000, 0x00000000a3300000| Untracked 
| 564|0x00000000a3400000, 0x00000000a3400000, 0x00000000a3500000|  0%| F|  |TAMS 0x00000000a3400000, 0x00000000a3400000| Untracked 
| 565|0x00000000a3500000, 0x00000000a3500000, 0x00000000a3600000|  0%| F|  |TAMS 0x00000000a3500000, 0x00000000a3500000| Untracked 
| 566|0x00000000a3600000, 0x00000000a3600000, 0x00000000a3700000|  0%| F|  |TAMS 0x00000000a3600000, 0x00000000a3600000| Untracked 
| 567|0x00000000a3700000, 0x00000000a3700000, 0x00000000a3800000|  0%| F|  |TAMS 0x00000000a3700000, 0x00000000a3700000| Untracked 
| 568|0x00000000a3800000, 0x00000000a3800000, 0x00000000a3900000|  0%| F|  |TAMS 0x00000000a3800000, 0x00000000a3800000| Untracked 
| 569|0x00000000a3900000, 0x00000000a3900000, 0x00000000a3a00000|  0%| F|  |TAMS 0x00000000a3900000, 0x00000000a3900000| Untracked 
| 570|0x00000000a3a00000, 0x00000000a3a00000, 0x00000000a3b00000|  0%| F|  |TAMS 0x00000000a3a00000, 0x00000000a3a00000| Untracked 
| 571|0x00000000a3b00000, 0x00000000a3b00000, 0x00000000a3c00000|  0%| F|  |TAMS 0x00000000a3b00000, 0x00000000a3b00000| Untracked 
| 572|0x00000000a3c00000, 0x00000000a3c00000, 0x00000000a3d00000|  0%| F|  |TAMS 0x00000000a3c00000, 0x00000000a3c00000| Untracked 
| 573|0x00000000a3d00000, 0x00000000a3d00000, 0x00000000a3e00000|  0%| F|  |TAMS 0x00000000a3d00000, 0x00000000a3d00000| Untracked 
| 574|0x00000000a3e00000, 0x00000000a3e00000, 0x00000000a3f00000|  0%| F|  |TAMS 0x00000000a3e00000, 0x00000000a3e00000| Untracked 
| 575|0x00000000a3f00000, 0x00000000a3f00000, 0x00000000a4000000|  0%| F|  |TAMS 0x00000000a3f00000, 0x00000000a3f00000| Untracked 
| 576|0x00000000a4000000, 0x00000000a4000000, 0x00000000a4100000|  0%| F|  |TAMS 0x00000000a4000000, 0x00000000a4000000| Untracked 
| 577|0x00000000a4100000, 0x00000000a4100000, 0x00000000a4200000|  0%| F|  |TAMS 0x00000000a4100000, 0x00000000a4100000| Untracked 
| 578|0x00000000a4200000, 0x00000000a4200000, 0x00000000a4300000|  0%| F|  |TAMS 0x00000000a4200000, 0x00000000a4200000| Untracked 
| 579|0x00000000a4300000, 0x00000000a4300000, 0x00000000a4400000|  0%| F|  |TAMS 0x00000000a4300000, 0x00000000a4300000| Untracked 
| 580|0x00000000a4400000, 0x00000000a4400000, 0x00000000a4500000|  0%| F|  |TAMS 0x00000000a4400000, 0x00000000a4400000| Untracked 
| 581|0x00000000a4500000, 0x00000000a4500000, 0x00000000a4600000|  0%| F|  |TAMS 0x00000000a4500000, 0x00000000a4500000| Untracked 
| 582|0x00000000a4600000, 0x00000000a4600000, 0x00000000a4700000|  0%| F|  |TAMS 0x00000000a4600000, 0x00000000a4600000| Untracked 
| 583|0x00000000a4700000, 0x00000000a4700000, 0x00000000a4800000|  0%| F|  |TAMS 0x00000000a4700000, 0x00000000a4700000| Untracked 
| 584|0x00000000a4800000, 0x00000000a4800000, 0x00000000a4900000|  0%| F|  |TAMS 0x00000000a4800000, 0x00000000a4800000| Untracked 
| 585|0x00000000a4900000, 0x00000000a4900000, 0x00000000a4a00000|  0%| F|  |TAMS 0x00000000a4900000, 0x00000000a4900000| Untracked 
| 586|0x00000000a4a00000, 0x00000000a4a00000, 0x00000000a4b00000|  0%| F|  |TAMS 0x00000000a4a00000, 0x00000000a4a00000| Untracked 
| 587|0x00000000a4b00000, 0x00000000a4b00000, 0x00000000a4c00000|  0%| F|  |TAMS 0x00000000a4b00000, 0x00000000a4b00000| Untracked 
| 588|0x00000000a4c00000, 0x00000000a4c00000, 0x00000000a4d00000|  0%| F|  |TAMS 0x00000000a4c00000, 0x00000000a4c00000| Untracked 
| 589|0x00000000a4d00000, 0x00000000a4d00000, 0x00000000a4e00000|  0%| F|  |TAMS 0x00000000a4d00000, 0x00000000a4d00000| Untracked 
| 590|0x00000000a4e00000, 0x00000000a4e00000, 0x00000000a4f00000|  0%| F|  |TAMS 0x00000000a4e00000, 0x00000000a4e00000| Untracked 
| 591|0x00000000a4f00000, 0x00000000a4f00000, 0x00000000a5000000|  0%| F|  |TAMS 0x00000000a4f00000, 0x00000000a4f00000| Untracked 
| 592|0x00000000a5000000, 0x00000000a5000000, 0x00000000a5100000|  0%| F|  |TAMS 0x00000000a5000000, 0x00000000a5000000| Untracked 
| 593|0x00000000a5100000, 0x00000000a5100000, 0x00000000a5200000|  0%| F|  |TAMS 0x00000000a5100000, 0x00000000a5100000| Untracked 
| 594|0x00000000a5200000, 0x00000000a5200000, 0x00000000a5300000|  0%| F|  |TAMS 0x00000000a5200000, 0x00000000a5200000| Untracked 
| 595|0x00000000a5300000, 0x00000000a5300000, 0x00000000a5400000|  0%| F|  |TAMS 0x00000000a5300000, 0x00000000a5300000| Untracked 
| 596|0x00000000a5400000, 0x00000000a5400000, 0x00000000a5500000|  0%| F|  |TAMS 0x00000000a5400000, 0x00000000a5400000| Untracked 
| 597|0x00000000a5500000, 0x00000000a5500000, 0x00000000a5600000|  0%| F|  |TAMS 0x00000000a5500000, 0x00000000a5500000| Untracked 
| 598|0x00000000a5600000, 0x00000000a5600000, 0x00000000a5700000|  0%| F|  |TAMS 0x00000000a5600000, 0x00000000a5600000| Untracked 
| 599|0x00000000a5700000, 0x00000000a5700000, 0x00000000a5800000|  0%| F|  |TAMS 0x00000000a5700000, 0x00000000a5700000| Untracked 
| 600|0x00000000a5800000, 0x00000000a5800000, 0x00000000a5900000|  0%| F|  |TAMS 0x00000000a5800000, 0x00000000a5800000| Untracked 
| 601|0x00000000a5900000, 0x00000000a5900000, 0x00000000a5a00000|  0%| F|  |TAMS 0x00000000a5900000, 0x00000000a5900000| Untracked 
| 602|0x00000000a5a00000, 0x00000000a5a00000, 0x00000000a5b00000|  0%| F|  |TAMS 0x00000000a5a00000, 0x00000000a5a00000| Untracked 
| 603|0x00000000a5b00000, 0x00000000a5b00000, 0x00000000a5c00000|  0%| F|  |TAMS 0x00000000a5b00000, 0x00000000a5b00000| Untracked 
| 604|0x00000000a5c00000, 0x00000000a5c00000, 0x00000000a5d00000|  0%| F|  |TAMS 0x00000000a5c00000, 0x00000000a5c00000| Untracked 
| 605|0x00000000a5d00000, 0x00000000a5d00000, 0x00000000a5e00000|  0%| F|  |TAMS 0x00000000a5d00000, 0x00000000a5d00000| Untracked 
| 606|0x00000000a5e00000, 0x00000000a5e00000, 0x00000000a5f00000|  0%| F|  |TAMS 0x00000000a5e00000, 0x00000000a5e00000| Untracked 
| 607|0x00000000a5f00000, 0x00000000a5f00000, 0x00000000a6000000|  0%| F|  |TAMS 0x00000000a5f00000, 0x00000000a5f00000| Untracked 
| 608|0x00000000a6000000, 0x00000000a6000000, 0x00000000a6100000|  0%| F|  |TAMS 0x00000000a6000000, 0x00000000a6000000| Untracked 
| 609|0x00000000a6100000, 0x00000000a6100000, 0x00000000a6200000|  0%| F|  |TAMS 0x00000000a6100000, 0x00000000a6100000| Untracked 
| 610|0x00000000a6200000, 0x00000000a6200000, 0x00000000a6300000|  0%| F|  |TAMS 0x00000000a6200000, 0x00000000a6200000| Untracked 
| 611|0x00000000a6300000, 0x00000000a6300000, 0x00000000a6400000|  0%| F|  |TAMS 0x00000000a6300000, 0x00000000a6300000| Untracked 
| 612|0x00000000a6400000, 0x00000000a6400000, 0x00000000a6500000|  0%| F|  |TAMS 0x00000000a6400000, 0x00000000a6400000| Untracked 
| 613|0x00000000a6500000, 0x00000000a6500000, 0x00000000a6600000|  0%| F|  |TAMS 0x00000000a6500000, 0x00000000a6500000| Untracked 
| 614|0x00000000a6600000, 0x00000000a6600000, 0x00000000a6700000|  0%| F|  |TAMS 0x00000000a6600000, 0x00000000a6600000| Untracked 
| 615|0x00000000a6700000, 0x00000000a6700000, 0x00000000a6800000|  0%| F|  |TAMS 0x00000000a6700000, 0x00000000a6700000| Untracked 
| 616|0x00000000a6800000, 0x00000000a6800000, 0x00000000a6900000|  0%| F|  |TAMS 0x00000000a6800000, 0x00000000a6800000| Untracked 
| 617|0x00000000a6900000, 0x00000000a6900000, 0x00000000a6a00000|  0%| F|  |TAMS 0x00000000a6900000, 0x00000000a6900000| Untracked 
| 618|0x00000000a6a00000, 0x00000000a6a00000, 0x00000000a6b00000|  0%| F|  |TAMS 0x00000000a6a00000, 0x00000000a6a00000| Untracked 
| 619|0x00000000a6b00000, 0x00000000a6b00000, 0x00000000a6c00000|  0%| F|  |TAMS 0x00000000a6b00000, 0x00000000a6b00000| Untracked 
| 620|0x00000000a6c00000, 0x00000000a6c00000, 0x00000000a6d00000|  0%| F|  |TAMS 0x00000000a6c00000, 0x00000000a6c00000| Untracked 
| 621|0x00000000a6d00000, 0x00000000a6d00000, 0x00000000a6e00000|  0%| F|  |TAMS 0x00000000a6d00000, 0x00000000a6d00000| Untracked 
| 622|0x00000000a6e00000, 0x00000000a6e00000, 0x00000000a6f00000|  0%| F|  |TAMS 0x00000000a6e00000, 0x00000000a6e00000| Untracked 
| 623|0x00000000a6f00000, 0x00000000a6f00000, 0x00000000a7000000|  0%| F|  |TAMS 0x00000000a6f00000, 0x00000000a6f00000| Untracked 
| 624|0x00000000a7000000, 0x00000000a7000000, 0x00000000a7100000|  0%| F|  |TAMS 0x00000000a7000000, 0x00000000a7000000| Untracked 
| 625|0x00000000a7100000, 0x00000000a7100000, 0x00000000a7200000|  0%| F|  |TAMS 0x00000000a7100000, 0x00000000a7100000| Untracked 
| 626|0x00000000a7200000, 0x00000000a7200000, 0x00000000a7300000|  0%| F|  |TAMS 0x00000000a7200000, 0x00000000a7200000| Untracked 
| 627|0x00000000a7300000, 0x00000000a7300000, 0x00000000a7400000|  0%| F|  |TAMS 0x00000000a7300000, 0x00000000a7300000| Untracked 
| 628|0x00000000a7400000, 0x00000000a7400000, 0x00000000a7500000|  0%| F|  |TAMS 0x00000000a7400000, 0x00000000a7400000| Untracked 
| 629|0x00000000a7500000, 0x00000000a7500000, 0x00000000a7600000|  0%| F|  |TAMS 0x00000000a7500000, 0x00000000a7500000| Untracked 
| 630|0x00000000a7600000, 0x00000000a7600000, 0x00000000a7700000|  0%| F|  |TAMS 0x00000000a7600000, 0x00000000a7600000| Untracked 
| 631|0x00000000a7700000, 0x00000000a7700000, 0x00000000a7800000|  0%| F|  |TAMS 0x00000000a7700000, 0x00000000a7700000| Untracked 
| 632|0x00000000a7800000, 0x00000000a7800000, 0x00000000a7900000|  0%| F|  |TAMS 0x00000000a7800000, 0x00000000a7800000| Untracked 
| 633|0x00000000a7900000, 0x00000000a7900000, 0x00000000a7a00000|  0%| F|  |TAMS 0x00000000a7900000, 0x00000000a7900000| Untracked 
| 634|0x00000000a7a00000, 0x00000000a7a00000, 0x00000000a7b00000|  0%| F|  |TAMS 0x00000000a7a00000, 0x00000000a7a00000| Untracked 
| 635|0x00000000a7b00000, 0x00000000a7b00000, 0x00000000a7c00000|  0%| F|  |TAMS 0x00000000a7b00000, 0x00000000a7b00000| Untracked 
| 636|0x00000000a7c00000, 0x00000000a7c00000, 0x00000000a7d00000|  0%| F|  |TAMS 0x00000000a7c00000, 0x00000000a7c00000| Untracked 
| 637|0x00000000a7d00000, 0x00000000a7d00000, 0x00000000a7e00000|  0%| F|  |TAMS 0x00000000a7d00000, 0x00000000a7d00000| Untracked 
| 638|0x00000000a7e00000, 0x00000000a7e00000, 0x00000000a7f00000|  0%| F|  |TAMS 0x00000000a7e00000, 0x00000000a7e00000| Untracked 
| 639|0x00000000a7f00000, 0x00000000a7f00000, 0x00000000a8000000|  0%| F|  |TAMS 0x00000000a7f00000, 0x00000000a7f00000| Untracked 
| 640|0x00000000a8000000, 0x00000000a8000000, 0x00000000a8100000|  0%| F|  |TAMS 0x00000000a8000000, 0x00000000a8000000| Untracked 
| 641|0x00000000a8100000, 0x00000000a8100000, 0x00000000a8200000|  0%| F|  |TAMS 0x00000000a8100000, 0x00000000a8100000| Untracked 
| 642|0x00000000a8200000, 0x00000000a8200000, 0x00000000a8300000|  0%| F|  |TAMS 0x00000000a8200000, 0x00000000a8200000| Untracked 
| 643|0x00000000a8300000, 0x00000000a8300000, 0x00000000a8400000|  0%| F|  |TAMS 0x00000000a8300000, 0x00000000a8300000| Untracked 
| 644|0x00000000a8400000, 0x00000000a8400000, 0x00000000a8500000|  0%| F|  |TAMS 0x00000000a8400000, 0x00000000a8400000| Untracked 
| 645|0x00000000a8500000, 0x00000000a8500000, 0x00000000a8600000|  0%| F|  |TAMS 0x00000000a8500000, 0x00000000a8500000| Untracked 
| 646|0x00000000a8600000, 0x00000000a8600000, 0x00000000a8700000|  0%| F|  |TAMS 0x00000000a8600000, 0x00000000a8600000| Untracked 
| 647|0x00000000a8700000, 0x00000000a8700000, 0x00000000a8800000|  0%| F|  |TAMS 0x00000000a8700000, 0x00000000a8700000| Untracked 
| 648|0x00000000a8800000, 0x00000000a8800000, 0x00000000a8900000|  0%| F|  |TAMS 0x00000000a8800000, 0x00000000a8800000| Untracked 
| 649|0x00000000a8900000, 0x00000000a8900000, 0x00000000a8a00000|  0%| F|  |TAMS 0x00000000a8900000, 0x00000000a8900000| Untracked 
| 650|0x00000000a8a00000, 0x00000000a8a00000, 0x00000000a8b00000|  0%| F|  |TAMS 0x00000000a8a00000, 0x00000000a8a00000| Untracked 
| 651|0x00000000a8b00000, 0x00000000a8b00000, 0x00000000a8c00000|  0%| F|  |TAMS 0x00000000a8b00000, 0x00000000a8b00000| Untracked 
| 652|0x00000000a8c00000, 0x00000000a8c00000, 0x00000000a8d00000|  0%| F|  |TAMS 0x00000000a8c00000, 0x00000000a8c00000| Untracked 
| 653|0x00000000a8d00000, 0x00000000a8d00000, 0x00000000a8e00000|  0%| F|  |TAMS 0x00000000a8d00000, 0x00000000a8d00000| Untracked 
| 654|0x00000000a8e00000, 0x00000000a8e00000, 0x00000000a8f00000|  0%| F|  |TAMS 0x00000000a8e00000, 0x00000000a8e00000| Untracked 
| 655|0x00000000a8f00000, 0x00000000a8f00000, 0x00000000a9000000|  0%| F|  |TAMS 0x00000000a8f00000, 0x00000000a8f00000| Untracked 
| 656|0x00000000a9000000, 0x00000000a9000000, 0x00000000a9100000|  0%| F|  |TAMS 0x00000000a9000000, 0x00000000a9000000| Untracked 
| 657|0x00000000a9100000, 0x00000000a9100000, 0x00000000a9200000|  0%| F|  |TAMS 0x00000000a9100000, 0x00000000a9100000| Untracked 
| 658|0x00000000a9200000, 0x00000000a9200000, 0x00000000a9300000|  0%| F|  |TAMS 0x00000000a9200000, 0x00000000a9200000| Untracked 
| 659|0x00000000a9300000, 0x00000000a9300000, 0x00000000a9400000|  0%| F|  |TAMS 0x00000000a9300000, 0x00000000a9300000| Untracked 
| 660|0x00000000a9400000, 0x00000000a9400000, 0x00000000a9500000|  0%| F|  |TAMS 0x00000000a9400000, 0x00000000a9400000| Untracked 
| 661|0x00000000a9500000, 0x00000000a9500000, 0x00000000a9600000|  0%| F|  |TAMS 0x00000000a9500000, 0x00000000a9500000| Untracked 
| 662|0x00000000a9600000, 0x00000000a9600000, 0x00000000a9700000|  0%| F|  |TAMS 0x00000000a9600000, 0x00000000a9600000| Untracked 
| 663|0x00000000a9700000, 0x00000000a9700000, 0x00000000a9800000|  0%| F|  |TAMS 0x00000000a9700000, 0x00000000a9700000| Untracked 
| 664|0x00000000a9800000, 0x00000000a9800000, 0x00000000a9900000|  0%| F|  |TAMS 0x00000000a9800000, 0x00000000a9800000| Untracked 
| 665|0x00000000a9900000, 0x00000000a9900000, 0x00000000a9a00000|  0%| F|  |TAMS 0x00000000a9900000, 0x00000000a9900000| Untracked 
| 666|0x00000000a9a00000, 0x00000000a9a00000, 0x00000000a9b00000|  0%| F|  |TAMS 0x00000000a9a00000, 0x00000000a9a00000| Untracked 
| 667|0x00000000a9b00000, 0x00000000a9b00000, 0x00000000a9c00000|  0%| F|  |TAMS 0x00000000a9b00000, 0x00000000a9b00000| Untracked 
| 668|0x00000000a9c00000, 0x00000000a9c00000, 0x00000000a9d00000|  0%| F|  |TAMS 0x00000000a9c00000, 0x00000000a9c00000| Untracked 
| 669|0x00000000a9d00000, 0x00000000a9d00000, 0x00000000a9e00000|  0%| F|  |TAMS 0x00000000a9d00000, 0x00000000a9d00000| Untracked 
| 670|0x00000000a9e00000, 0x00000000a9e00000, 0x00000000a9f00000|  0%| F|  |TAMS 0x00000000a9e00000, 0x00000000a9e00000| Untracked 
| 671|0x00000000a9f00000, 0x00000000a9f00000, 0x00000000aa000000|  0%| F|  |TAMS 0x00000000a9f00000, 0x00000000a9f00000| Untracked 
| 672|0x00000000aa000000, 0x00000000aa000000, 0x00000000aa100000|  0%| F|  |TAMS 0x00000000aa000000, 0x00000000aa000000| Untracked 
| 673|0x00000000aa100000, 0x00000000aa100000, 0x00000000aa200000|  0%| F|  |TAMS 0x00000000aa100000, 0x00000000aa100000| Untracked 
| 674|0x00000000aa200000, 0x00000000aa200000, 0x00000000aa300000|  0%| F|  |TAMS 0x00000000aa200000, 0x00000000aa200000| Untracked 
| 675|0x00000000aa300000, 0x00000000aa300000, 0x00000000aa400000|  0%| F|  |TAMS 0x00000000aa300000, 0x00000000aa300000| Untracked 
| 676|0x00000000aa400000, 0x00000000aa400000, 0x00000000aa500000|  0%| F|  |TAMS 0x00000000aa400000, 0x00000000aa400000| Untracked 
| 677|0x00000000aa500000, 0x00000000aa500000, 0x00000000aa600000|  0%| F|  |TAMS 0x00000000aa500000, 0x00000000aa500000| Untracked 
| 678|0x00000000aa600000, 0x00000000aa600000, 0x00000000aa700000|  0%| F|  |TAMS 0x00000000aa600000, 0x00000000aa600000| Untracked 
| 679|0x00000000aa700000, 0x00000000aa700000, 0x00000000aa800000|  0%| F|  |TAMS 0x00000000aa700000, 0x00000000aa700000| Untracked 
| 680|0x00000000aa800000, 0x00000000aa800000, 0x00000000aa900000|  0%| F|  |TAMS 0x00000000aa800000, 0x00000000aa800000| Untracked 
| 681|0x00000000aa900000, 0x00000000aa900000, 0x00000000aaa00000|  0%| F|  |TAMS 0x00000000aa900000, 0x00000000aa900000| Untracked 
| 682|0x00000000aaa00000, 0x00000000aaa00000, 0x00000000aab00000|  0%| F|  |TAMS 0x00000000aaa00000, 0x00000000aaa00000| Untracked 
| 683|0x00000000aab00000, 0x00000000aab00000, 0x00000000aac00000|  0%| F|  |TAMS 0x00000000aab00000, 0x00000000aab00000| Untracked 
| 684|0x00000000aac00000, 0x00000000aac00000, 0x00000000aad00000|  0%| F|  |TAMS 0x00000000aac00000, 0x00000000aac00000| Untracked 
| 685|0x00000000aad00000, 0x00000000aad00000, 0x00000000aae00000|  0%| F|  |TAMS 0x00000000aad00000, 0x00000000aad00000| Untracked 
| 686|0x00000000aae00000, 0x00000000aae00000, 0x00000000aaf00000|  0%| F|  |TAMS 0x00000000aae00000, 0x00000000aae00000| Untracked 
| 687|0x00000000aaf00000, 0x00000000aaf00000, 0x00000000ab000000|  0%| F|  |TAMS 0x00000000aaf00000, 0x00000000aaf00000| Untracked 
| 688|0x00000000ab000000, 0x00000000ab000000, 0x00000000ab100000|  0%| F|  |TAMS 0x00000000ab000000, 0x00000000ab000000| Untracked 
| 689|0x00000000ab100000, 0x00000000ab100000, 0x00000000ab200000|  0%| F|  |TAMS 0x00000000ab100000, 0x00000000ab100000| Untracked 
| 690|0x00000000ab200000, 0x00000000ab200000, 0x00000000ab300000|  0%| F|  |TAMS 0x00000000ab200000, 0x00000000ab200000| Untracked 
| 691|0x00000000ab300000, 0x00000000ab300000, 0x00000000ab400000|  0%| F|  |TAMS 0x00000000ab300000, 0x00000000ab300000| Untracked 
| 692|0x00000000ab400000, 0x00000000ab400000, 0x00000000ab500000|  0%| F|  |TAMS 0x00000000ab400000, 0x00000000ab400000| Untracked 
| 693|0x00000000ab500000, 0x00000000ab500000, 0x00000000ab600000|  0%| F|  |TAMS 0x00000000ab500000, 0x00000000ab500000| Untracked 
| 694|0x00000000ab600000, 0x00000000ab600000, 0x00000000ab700000|  0%| F|  |TAMS 0x00000000ab600000, 0x00000000ab600000| Untracked 
| 695|0x00000000ab700000, 0x00000000ab700000, 0x00000000ab800000|  0%| F|  |TAMS 0x00000000ab700000, 0x00000000ab700000| Untracked 
| 696|0x00000000ab800000, 0x00000000ab800000, 0x00000000ab900000|  0%| F|  |TAMS 0x00000000ab800000, 0x00000000ab800000| Untracked 
| 697|0x00000000ab900000, 0x00000000ab900000, 0x00000000aba00000|  0%| F|  |TAMS 0x00000000ab900000, 0x00000000ab900000| Untracked 
| 698|0x00000000aba00000, 0x00000000aba00000, 0x00000000abb00000|  0%| F|  |TAMS 0x00000000aba00000, 0x00000000aba00000| Untracked 
| 699|0x00000000abb00000, 0x00000000abb00000, 0x00000000abc00000|  0%| F|  |TAMS 0x00000000abb00000, 0x00000000abb00000| Untracked 
| 700|0x00000000abc00000, 0x00000000abc00000, 0x00000000abd00000|  0%| F|  |TAMS 0x00000000abc00000, 0x00000000abc00000| Untracked 
| 701|0x00000000abd00000, 0x00000000abd00000, 0x00000000abe00000|  0%| F|  |TAMS 0x00000000abd00000, 0x00000000abd00000| Untracked 
| 702|0x00000000abe00000, 0x00000000abe00000, 0x00000000abf00000|  0%| F|  |TAMS 0x00000000abe00000, 0x00000000abe00000| Untracked 
| 703|0x00000000abf00000, 0x00000000abf00000, 0x00000000ac000000|  0%| F|  |TAMS 0x00000000abf00000, 0x00000000abf00000| Untracked 
| 704|0x00000000ac000000, 0x00000000ac000000, 0x00000000ac100000|  0%| F|  |TAMS 0x00000000ac000000, 0x00000000ac000000| Untracked 
| 705|0x00000000ac100000, 0x00000000ac100000, 0x00000000ac200000|  0%| F|  |TAMS 0x00000000ac100000, 0x00000000ac100000| Untracked 
| 706|0x00000000ac200000, 0x00000000ac200000, 0x00000000ac300000|  0%| F|  |TAMS 0x00000000ac200000, 0x00000000ac200000| Untracked 
| 707|0x00000000ac300000, 0x00000000ac300000, 0x00000000ac400000|  0%| F|  |TAMS 0x00000000ac300000, 0x00000000ac300000| Untracked 
| 708|0x00000000ac400000, 0x00000000ac400000, 0x00000000ac500000|  0%| F|  |TAMS 0x00000000ac400000, 0x00000000ac400000| Untracked 
| 709|0x00000000ac500000, 0x00000000ac500000, 0x00000000ac600000|  0%| F|  |TAMS 0x00000000ac500000, 0x00000000ac500000| Untracked 
| 710|0x00000000ac600000, 0x00000000ac600000, 0x00000000ac700000|  0%| F|  |TAMS 0x00000000ac600000, 0x00000000ac600000| Untracked 
| 711|0x00000000ac700000, 0x00000000ac700000, 0x00000000ac800000|  0%| F|  |TAMS 0x00000000ac700000, 0x00000000ac700000| Untracked 
| 712|0x00000000ac800000, 0x00000000ac800000, 0x00000000ac900000|  0%| F|  |TAMS 0x00000000ac800000, 0x00000000ac800000| Untracked 
| 713|0x00000000ac900000, 0x00000000ac900000, 0x00000000aca00000|  0%| F|  |TAMS 0x00000000ac900000, 0x00000000ac900000| Untracked 
| 714|0x00000000aca00000, 0x00000000aca00000, 0x00000000acb00000|  0%| F|  |TAMS 0x00000000aca00000, 0x00000000aca00000| Untracked 
| 715|0x00000000acb00000, 0x00000000acb00000, 0x00000000acc00000|  0%| F|  |TAMS 0x00000000acb00000, 0x00000000acb00000| Untracked 
| 716|0x00000000acc00000, 0x00000000acc00000, 0x00000000acd00000|  0%| F|  |TAMS 0x00000000acc00000, 0x00000000acc00000| Untracked 
| 717|0x00000000acd00000, 0x00000000acd00000, 0x00000000ace00000|  0%| F|  |TAMS 0x00000000acd00000, 0x00000000acd00000| Untracked 
| 718|0x00000000ace00000, 0x00000000ace00000, 0x00000000acf00000|  0%| F|  |TAMS 0x00000000ace00000, 0x00000000ace00000| Untracked 
| 719|0x00000000acf00000, 0x00000000acf00000, 0x00000000ad000000|  0%| F|  |TAMS 0x00000000acf00000, 0x00000000acf00000| Untracked 
| 720|0x00000000ad000000, 0x00000000ad000000, 0x00000000ad100000|  0%| F|  |TAMS 0x00000000ad000000, 0x00000000ad000000| Untracked 
| 721|0x00000000ad100000, 0x00000000ad100000, 0x00000000ad200000|  0%| F|  |TAMS 0x00000000ad100000, 0x00000000ad100000| Untracked 
| 722|0x00000000ad200000, 0x00000000ad200000, 0x00000000ad300000|  0%| F|  |TAMS 0x00000000ad200000, 0x00000000ad200000| Untracked 
| 723|0x00000000ad300000, 0x00000000ad300000, 0x00000000ad400000|  0%| F|  |TAMS 0x00000000ad300000, 0x00000000ad300000| Untracked 
| 724|0x00000000ad400000, 0x00000000ad400000, 0x00000000ad500000|  0%| F|  |TAMS 0x00000000ad400000, 0x00000000ad400000| Untracked 
| 725|0x00000000ad500000, 0x00000000ad500000, 0x00000000ad600000|  0%| F|  |TAMS 0x00000000ad500000, 0x00000000ad500000| Untracked 
| 726|0x00000000ad600000, 0x00000000ad600000, 0x00000000ad700000|  0%| F|  |TAMS 0x00000000ad600000, 0x00000000ad600000| Untracked 
| 727|0x00000000ad700000, 0x00000000ad700000, 0x00000000ad800000|  0%| F|  |TAMS 0x00000000ad700000, 0x00000000ad700000| Untracked 
| 728|0x00000000ad800000, 0x00000000ad800000, 0x00000000ad900000|  0%| F|  |TAMS 0x00000000ad800000, 0x00000000ad800000| Untracked 
| 729|0x00000000ad900000, 0x00000000ad900000, 0x00000000ada00000|  0%| F|  |TAMS 0x00000000ad900000, 0x00000000ad900000| Untracked 
| 730|0x00000000ada00000, 0x00000000ada00000, 0x00000000adb00000|  0%| F|  |TAMS 0x00000000ada00000, 0x00000000ada00000| Untracked 
| 731|0x00000000adb00000, 0x00000000adb00000, 0x00000000adc00000|  0%| F|  |TAMS 0x00000000adb00000, 0x00000000adb00000| Untracked 
| 732|0x00000000adc00000, 0x00000000adc00000, 0x00000000add00000|  0%| F|  |TAMS 0x00000000adc00000, 0x00000000adc00000| Untracked 
| 733|0x00000000add00000, 0x00000000add00000, 0x00000000ade00000|  0%| F|  |TAMS 0x00000000add00000, 0x00000000add00000| Untracked 
| 734|0x00000000ade00000, 0x00000000ade00000, 0x00000000adf00000|  0%| F|  |TAMS 0x00000000ade00000, 0x00000000ade00000| Untracked 
| 735|0x00000000adf00000, 0x00000000adf00000, 0x00000000ae000000|  0%| F|  |TAMS 0x00000000adf00000, 0x00000000adf00000| Untracked 
| 736|0x00000000ae000000, 0x00000000ae000000, 0x00000000ae100000|  0%| F|  |TAMS 0x00000000ae000000, 0x00000000ae000000| Untracked 
| 737|0x00000000ae100000, 0x00000000ae100000, 0x00000000ae200000|  0%| F|  |TAMS 0x00000000ae100000, 0x00000000ae100000| Untracked 
| 738|0x00000000ae200000, 0x00000000ae200000, 0x00000000ae300000|  0%| F|  |TAMS 0x00000000ae200000, 0x00000000ae200000| Untracked 
| 739|0x00000000ae300000, 0x00000000ae300000, 0x00000000ae400000|  0%| F|  |TAMS 0x00000000ae300000, 0x00000000ae300000| Untracked 
| 740|0x00000000ae400000, 0x00000000ae400000, 0x00000000ae500000|  0%| F|  |TAMS 0x00000000ae400000, 0x00000000ae400000| Untracked 
| 741|0x00000000ae500000, 0x00000000ae500000, 0x00000000ae600000|  0%| F|  |TAMS 0x00000000ae500000, 0x00000000ae500000| Untracked 
| 742|0x00000000ae600000, 0x00000000ae600000, 0x00000000ae700000|  0%| F|  |TAMS 0x00000000ae600000, 0x00000000ae600000| Untracked 
| 743|0x00000000ae700000, 0x00000000ae700000, 0x00000000ae800000|  0%| F|  |TAMS 0x00000000ae700000, 0x00000000ae700000| Untracked 
| 744|0x00000000ae800000, 0x00000000ae800000, 0x00000000ae900000|  0%| F|  |TAMS 0x00000000ae800000, 0x00000000ae800000| Untracked 
| 745|0x00000000ae900000, 0x00000000ae900000, 0x00000000aea00000|  0%| F|  |TAMS 0x00000000ae900000, 0x00000000ae900000| Untracked 
| 746|0x00000000aea00000, 0x00000000aea00000, 0x00000000aeb00000|  0%| F|  |TAMS 0x00000000aea00000, 0x00000000aea00000| Untracked 
| 747|0x00000000aeb00000, 0x00000000aeb00000, 0x00000000aec00000|  0%| F|  |TAMS 0x00000000aeb00000, 0x00000000aeb00000| Untracked 
| 748|0x00000000aec00000, 0x00000000aec00000, 0x00000000aed00000|  0%| F|  |TAMS 0x00000000aec00000, 0x00000000aec00000| Untracked 
| 749|0x00000000aed00000, 0x00000000aed00000, 0x00000000aee00000|  0%| F|  |TAMS 0x00000000aed00000, 0x00000000aed00000| Untracked 
| 750|0x00000000aee00000, 0x00000000aee00000, 0x00000000aef00000|  0%| F|  |TAMS 0x00000000aee00000, 0x00000000aee00000| Untracked 
| 751|0x00000000aef00000, 0x00000000aef00000, 0x00000000af000000|  0%| F|  |TAMS 0x00000000aef00000, 0x00000000aef00000| Untracked 
| 752|0x00000000af000000, 0x00000000af000000, 0x00000000af100000|  0%| F|  |TAMS 0x00000000af000000, 0x00000000af000000| Untracked 
| 753|0x00000000af100000, 0x00000000af100000, 0x00000000af200000|  0%| F|  |TAMS 0x00000000af100000, 0x00000000af100000| Untracked 
| 754|0x00000000af200000, 0x00000000af200000, 0x00000000af300000|  0%| F|  |TAMS 0x00000000af200000, 0x00000000af200000| Untracked 
| 755|0x00000000af300000, 0x00000000af300000, 0x00000000af400000|  0%| F|  |TAMS 0x00000000af300000, 0x00000000af300000| Untracked 
| 756|0x00000000af400000, 0x00000000af400000, 0x00000000af500000|  0%| F|  |TAMS 0x00000000af400000, 0x00000000af400000| Untracked 
| 757|0x00000000af500000, 0x00000000af500000, 0x00000000af600000|  0%| F|  |TAMS 0x00000000af500000, 0x00000000af500000| Untracked 
| 758|0x00000000af600000, 0x00000000af600000, 0x00000000af700000|  0%| F|  |TAMS 0x00000000af600000, 0x00000000af600000| Untracked 
| 759|0x00000000af700000, 0x00000000af700000, 0x00000000af800000|  0%| F|  |TAMS 0x00000000af700000, 0x00000000af700000| Untracked 
| 760|0x00000000af800000, 0x00000000af800000, 0x00000000af900000|  0%| F|  |TAMS 0x00000000af800000, 0x00000000af800000| Untracked 
| 761|0x00000000af900000, 0x00000000af900000, 0x00000000afa00000|  0%| F|  |TAMS 0x00000000af900000, 0x00000000af900000| Untracked 
| 762|0x00000000afa00000, 0x00000000afa00000, 0x00000000afb00000|  0%| F|  |TAMS 0x00000000afa00000, 0x00000000afa00000| Untracked 
| 763|0x00000000afb00000, 0x00000000afb00000, 0x00000000afc00000|  0%| F|  |TAMS 0x00000000afb00000, 0x00000000afb00000| Untracked 
| 764|0x00000000afc00000, 0x00000000afc00000, 0x00000000afd00000|  0%| F|  |TAMS 0x00000000afc00000, 0x00000000afc00000| Untracked 
| 765|0x00000000afd00000, 0x00000000afd00000, 0x00000000afe00000|  0%| F|  |TAMS 0x00000000afd00000, 0x00000000afd00000| Untracked 
| 766|0x00000000afe00000, 0x00000000afe00000, 0x00000000aff00000|  0%| F|  |TAMS 0x00000000afe00000, 0x00000000afe00000| Untracked 
| 767|0x00000000aff00000, 0x00000000aff00000, 0x00000000b0000000|  0%| F|  |TAMS 0x00000000aff00000, 0x00000000aff00000| Untracked 
| 768|0x00000000b0000000, 0x00000000b0000000, 0x00000000b0100000|  0%| F|  |TAMS 0x00000000b0000000, 0x00000000b0000000| Untracked 
| 769|0x00000000b0100000, 0x00000000b0100000, 0x00000000b0200000|  0%| F|  |TAMS 0x00000000b0100000, 0x00000000b0100000| Untracked 
| 770|0x00000000b0200000, 0x00000000b0200000, 0x00000000b0300000|  0%| F|  |TAMS 0x00000000b0200000, 0x00000000b0200000| Untracked 
| 771|0x00000000b0300000, 0x00000000b0300000, 0x00000000b0400000|  0%| F|  |TAMS 0x00000000b0300000, 0x00000000b0300000| Untracked 
| 772|0x00000000b0400000, 0x00000000b0400000, 0x00000000b0500000|  0%| F|  |TAMS 0x00000000b0400000, 0x00000000b0400000| Untracked 
| 773|0x00000000b0500000, 0x00000000b0500000, 0x00000000b0600000|  0%| F|  |TAMS 0x00000000b0500000, 0x00000000b0500000| Untracked 
| 774|0x00000000b0600000, 0x00000000b0600000, 0x00000000b0700000|  0%| F|  |TAMS 0x00000000b0600000, 0x00000000b0600000| Untracked 
| 775|0x00000000b0700000, 0x00000000b0700000, 0x00000000b0800000|  0%| F|  |TAMS 0x00000000b0700000, 0x00000000b0700000| Untracked 
| 776|0x00000000b0800000, 0x00000000b0800000, 0x00000000b0900000|  0%| F|  |TAMS 0x00000000b0800000, 0x00000000b0800000| Untracked 
| 777|0x00000000b0900000, 0x00000000b0900000, 0x00000000b0a00000|  0%| F|  |TAMS 0x00000000b0900000, 0x00000000b0900000| Untracked 
| 778|0x00000000b0a00000, 0x00000000b0a00000, 0x00000000b0b00000|  0%| F|  |TAMS 0x00000000b0a00000, 0x00000000b0a00000| Untracked 
| 779|0x00000000b0b00000, 0x00000000b0b00000, 0x00000000b0c00000|  0%| F|  |TAMS 0x00000000b0b00000, 0x00000000b0b00000| Untracked 
| 780|0x00000000b0c00000, 0x00000000b0c00000, 0x00000000b0d00000|  0%| F|  |TAMS 0x00000000b0c00000, 0x00000000b0c00000| Untracked 
| 781|0x00000000b0d00000, 0x00000000b0d00000, 0x00000000b0e00000|  0%| F|  |TAMS 0x00000000b0d00000, 0x00000000b0d00000| Untracked 
| 782|0x00000000b0e00000, 0x00000000b0e00000, 0x00000000b0f00000|  0%| F|  |TAMS 0x00000000b0e00000, 0x00000000b0e00000| Untracked 
| 783|0x00000000b0f00000, 0x00000000b0f00000, 0x00000000b1000000|  0%| F|  |TAMS 0x00000000b0f00000, 0x00000000b0f00000| Untracked 
| 784|0x00000000b1000000, 0x00000000b1000000, 0x00000000b1100000|  0%| F|  |TAMS 0x00000000b1000000, 0x00000000b1000000| Untracked 
| 785|0x00000000b1100000, 0x00000000b1100000, 0x00000000b1200000|  0%| F|  |TAMS 0x00000000b1100000, 0x00000000b1100000| Untracked 
| 786|0x00000000b1200000, 0x00000000b1200000, 0x00000000b1300000|  0%| F|  |TAMS 0x00000000b1200000, 0x00000000b1200000| Untracked 
| 787|0x00000000b1300000, 0x00000000b1400000, 0x00000000b1400000|100%| S|CS|TAMS 0x00000000b1300000, 0x00000000b1300000| Complete 
| 788|0x00000000b1400000, 0x00000000b1500000, 0x00000000b1500000|100%| S|CS|TAMS 0x00000000b1400000, 0x00000000b1400000| Complete 
| 789|0x00000000b1500000, 0x00000000b1600000, 0x00000000b1600000|100%| S|CS|TAMS 0x00000000b1500000, 0x00000000b1500000| Complete 
| 790|0x00000000b1600000, 0x00000000b1700000, 0x00000000b1700000|100%| S|CS|TAMS 0x00000000b1600000, 0x00000000b1600000| Complete 
| 791|0x00000000b1700000, 0x00000000b1700000, 0x00000000b1800000|  0%| F|  |TAMS 0x00000000b1700000, 0x00000000b1700000| Untracked 
| 792|0x00000000b1800000, 0x00000000b1800000, 0x00000000b1900000|  0%| F|  |TAMS 0x00000000b1800000, 0x00000000b1800000| Untracked 
| 793|0x00000000b1900000, 0x00000000b1900000, 0x00000000b1a00000|  0%| F|  |TAMS 0x00000000b1900000, 0x00000000b1900000| Untracked 
| 794|0x00000000b1a00000, 0x00000000b1a00000, 0x00000000b1b00000|  0%| F|  |TAMS 0x00000000b1a00000, 0x00000000b1a00000| Untracked 
| 795|0x00000000b1b00000, 0x00000000b1b00000, 0x00000000b1c00000|  0%| F|  |TAMS 0x00000000b1b00000, 0x00000000b1b00000| Untracked 
| 796|0x00000000b1c00000, 0x00000000b1c00000, 0x00000000b1d00000|  0%| F|  |TAMS 0x00000000b1c00000, 0x00000000b1c00000| Untracked 
| 797|0x00000000b1d00000, 0x00000000b1d00000, 0x00000000b1e00000|  0%| F|  |TAMS 0x00000000b1d00000, 0x00000000b1d00000| Untracked 
| 798|0x00000000b1e00000, 0x00000000b1e00000, 0x00000000b1f00000|  0%| F|  |TAMS 0x00000000b1e00000, 0x00000000b1e00000| Untracked 
| 799|0x00000000b1f00000, 0x00000000b1f00000, 0x00000000b2000000|  0%| F|  |TAMS 0x00000000b1f00000, 0x00000000b1f00000| Untracked 
| 800|0x00000000b2000000, 0x00000000b2000000, 0x00000000b2100000|  0%| F|  |TAMS 0x00000000b2000000, 0x00000000b2000000| Untracked 
| 801|0x00000000b2100000, 0x00000000b2100000, 0x00000000b2200000|  0%| F|  |TAMS 0x00000000b2100000, 0x00000000b2100000| Untracked 
| 802|0x00000000b2200000, 0x00000000b2200000, 0x00000000b2300000|  0%| F|  |TAMS 0x00000000b2200000, 0x00000000b2200000| Untracked 
| 803|0x00000000b2300000, 0x00000000b2300000, 0x00000000b2400000|  0%| F|  |TAMS 0x00000000b2300000, 0x00000000b2300000| Untracked 
| 804|0x00000000b2400000, 0x00000000b2400000, 0x00000000b2500000|  0%| F|  |TAMS 0x00000000b2400000, 0x00000000b2400000| Untracked 
| 805|0x00000000b2500000, 0x00000000b2500000, 0x00000000b2600000|  0%| F|  |TAMS 0x00000000b2500000, 0x00000000b2500000| Untracked 
| 806|0x00000000b2600000, 0x00000000b2600000, 0x00000000b2700000|  0%| F|  |TAMS 0x00000000b2600000, 0x00000000b2600000| Untracked 
| 807|0x00000000b2700000, 0x00000000b2700000, 0x00000000b2800000|  0%| F|  |TAMS 0x00000000b2700000, 0x00000000b2700000| Untracked 
| 808|0x00000000b2800000, 0x00000000b2800000, 0x00000000b2900000|  0%| F|  |TAMS 0x00000000b2800000, 0x00000000b2800000| Untracked 
| 809|0x00000000b2900000, 0x00000000b2900000, 0x00000000b2a00000|  0%| F|  |TAMS 0x00000000b2900000, 0x00000000b2900000| Untracked 
| 810|0x00000000b2a00000, 0x00000000b2a00000, 0x00000000b2b00000|  0%| F|  |TAMS 0x00000000b2a00000, 0x00000000b2a00000| Untracked 
| 811|0x00000000b2b00000, 0x00000000b2b00000, 0x00000000b2c00000|  0%| F|  |TAMS 0x00000000b2b00000, 0x00000000b2b00000| Untracked 
| 812|0x00000000b2c00000, 0x00000000b2c00000, 0x00000000b2d00000|  0%| F|  |TAMS 0x00000000b2c00000, 0x00000000b2c00000| Untracked 
| 813|0x00000000b2d00000, 0x00000000b2d00000, 0x00000000b2e00000|  0%| F|  |TAMS 0x00000000b2d00000, 0x00000000b2d00000| Untracked 
| 814|0x00000000b2e00000, 0x00000000b2e00000, 0x00000000b2f00000|  0%| F|  |TAMS 0x00000000b2e00000, 0x00000000b2e00000| Untracked 
| 815|0x00000000b2f00000, 0x00000000b2f00000, 0x00000000b3000000|  0%| F|  |TAMS 0x00000000b2f00000, 0x00000000b2f00000| Untracked 
| 816|0x00000000b3000000, 0x00000000b3000000, 0x00000000b3100000|  0%| F|  |TAMS 0x00000000b3000000, 0x00000000b3000000| Untracked 
| 817|0x00000000b3100000, 0x00000000b3100000, 0x00000000b3200000|  0%| F|  |TAMS 0x00000000b3100000, 0x00000000b3100000| Untracked 
| 818|0x00000000b3200000, 0x00000000b3200000, 0x00000000b3300000|  0%| F|  |TAMS 0x00000000b3200000, 0x00000000b3200000| Untracked 
| 819|0x00000000b3300000, 0x00000000b3300000, 0x00000000b3400000|  0%| F|  |TAMS 0x00000000b3300000, 0x00000000b3300000| Untracked 
| 820|0x00000000b3400000, 0x00000000b3400000, 0x00000000b3500000|  0%| F|  |TAMS 0x00000000b3400000, 0x00000000b3400000| Untracked 
| 821|0x00000000b3500000, 0x00000000b3500000, 0x00000000b3600000|  0%| F|  |TAMS 0x00000000b3500000, 0x00000000b3500000| Untracked 
| 822|0x00000000b3600000, 0x00000000b3600000, 0x00000000b3700000|  0%| F|  |TAMS 0x00000000b3600000, 0x00000000b3600000| Untracked 
| 823|0x00000000b3700000, 0x00000000b3700000, 0x00000000b3800000|  0%| F|  |TAMS 0x00000000b3700000, 0x00000000b3700000| Untracked 
| 824|0x00000000b3800000, 0x00000000b3800000, 0x00000000b3900000|  0%| F|  |TAMS 0x00000000b3800000, 0x00000000b3800000| Untracked 
| 825|0x00000000b3900000, 0x00000000b3900000, 0x00000000b3a00000|  0%| F|  |TAMS 0x00000000b3900000, 0x00000000b3900000| Untracked 
| 826|0x00000000b3a00000, 0x00000000b3a00000, 0x00000000b3b00000|  0%| F|  |TAMS 0x00000000b3a00000, 0x00000000b3a00000| Untracked 
| 827|0x00000000b3b00000, 0x00000000b3b00000, 0x00000000b3c00000|  0%| F|  |TAMS 0x00000000b3b00000, 0x00000000b3b00000| Untracked 
| 828|0x00000000b3c00000, 0x00000000b3c00000, 0x00000000b3d00000|  0%| F|  |TAMS 0x00000000b3c00000, 0x00000000b3c00000| Untracked 
| 829|0x00000000b3d00000, 0x00000000b3d00000, 0x00000000b3e00000|  0%| F|  |TAMS 0x00000000b3d00000, 0x00000000b3d00000| Untracked 
| 830|0x00000000b3e00000, 0x00000000b3e00000, 0x00000000b3f00000|  0%| F|  |TAMS 0x00000000b3e00000, 0x00000000b3e00000| Untracked 
| 831|0x00000000b3f00000, 0x00000000b3f00000, 0x00000000b4000000|  0%| F|  |TAMS 0x00000000b3f00000, 0x00000000b3f00000| Untracked 
| 832|0x00000000b4000000, 0x00000000b4000000, 0x00000000b4100000|  0%| F|  |TAMS 0x00000000b4000000, 0x00000000b4000000| Untracked 
| 833|0x00000000b4100000, 0x00000000b4100000, 0x00000000b4200000|  0%| F|  |TAMS 0x00000000b4100000, 0x00000000b4100000| Untracked 
| 834|0x00000000b4200000, 0x00000000b4200000, 0x00000000b4300000|  0%| F|  |TAMS 0x00000000b4200000, 0x00000000b4200000| Untracked 
| 835|0x00000000b4300000, 0x00000000b4300000, 0x00000000b4400000|  0%| F|  |TAMS 0x00000000b4300000, 0x00000000b4300000| Untracked 
| 836|0x00000000b4400000, 0x00000000b4400000, 0x00000000b4500000|  0%| F|  |TAMS 0x00000000b4400000, 0x00000000b4400000| Untracked 
| 837|0x00000000b4500000, 0x00000000b4500000, 0x00000000b4600000|  0%| F|  |TAMS 0x00000000b4500000, 0x00000000b4500000| Untracked 
| 838|0x00000000b4600000, 0x00000000b4600000, 0x00000000b4700000|  0%| F|  |TAMS 0x00000000b4600000, 0x00000000b4600000| Untracked 
| 839|0x00000000b4700000, 0x00000000b4700000, 0x00000000b4800000|  0%| F|  |TAMS 0x00000000b4700000, 0x00000000b4700000| Untracked 
| 840|0x00000000b4800000, 0x00000000b4800000, 0x00000000b4900000|  0%| F|  |TAMS 0x00000000b4800000, 0x00000000b4800000| Untracked 
| 841|0x00000000b4900000, 0x00000000b4900000, 0x00000000b4a00000|  0%| F|  |TAMS 0x00000000b4900000, 0x00000000b4900000| Untracked 
| 842|0x00000000b4a00000, 0x00000000b4a00000, 0x00000000b4b00000|  0%| F|  |TAMS 0x00000000b4a00000, 0x00000000b4a00000| Untracked 
| 843|0x00000000b4b00000, 0x00000000b4b00000, 0x00000000b4c00000|  0%| F|  |TAMS 0x00000000b4b00000, 0x00000000b4b00000| Untracked 
| 844|0x00000000b4c00000, 0x00000000b4c00000, 0x00000000b4d00000|  0%| F|  |TAMS 0x00000000b4c00000, 0x00000000b4c00000| Untracked 

Card table byte_map: [0x0000013b96e90000,0x0000013b97290000] _byte_map_base: 0x0000013b96a90000

Marking Bits (Prev, Next): (CMBitMap*) 0x0000013bff8e1090, (CMBitMap*) 0x0000013bff8e1050
 Prev Bits: [0x0000013b99690000, 0x0000013b9b690000)
 Next Bits: [0x0000013b97690000, 0x0000013b99690000)

Polling page: 0x0000013bfdd90000

Metaspace:

Usage:
  Non-class:    178.07 MB used.
      Class:     25.90 MB used.
       Both:    203.97 MB used.

Virtual space:
  Non-class space:      192.00 MB reserved,     180.62 MB ( 94%) committed,  3 nodes.
      Class space:      416.00 MB reserved,      28.12 MB (  7%) committed,  1 nodes.
             Both:      608.00 MB reserved,     208.75 MB ( 34%) committed. 

Chunk freelists:
   Non-Class:  11.80 MB
       Class:  4.70 MB
        Both:  16.50 MB

MaxMetaspaceSize: 512.00 MB
CompressedClassSpaceSize: 416.00 MB
Initial GC threshold: 21.00 MB
Current GC threshold: 355.12 MB
CDS: on
MetaspaceReclaimPolicy: balanced
 - commit_granule_bytes: 65536.
 - commit_granule_words: 8192.
 - virtual_space_node_default_size: 8388608.
 - enlarge_chunks_in_place: 1.
 - new_chunks_are_fully_committed: 0.
 - uncommit_free_chunks: 1.
 - use_allocation_guard: 0.
 - handle_deallocations: 1.


Internal statistics:

num_allocs_failed_limit: 21.
num_arena_births: 8578.
num_arena_deaths: 3346.
num_vsnodes_births: 4.
num_vsnodes_deaths: 0.
num_space_committed: 3516.
num_space_uncommitted: 179.
num_chunks_returned_to_freelist: 5308.
num_chunks_taken_from_freelist: 21396.
num_chunk_merges: 1603.
num_chunk_splits: 11553.
num_chunks_enlarged: 5680.
num_inconsistent_stats: 0.

CodeHeap 'non-profiled nmethods': size=120000Kb used=65371Kb max_used=65371Kb free=54628Kb
 bounds [0x0000013b8f560000, 0x0000013b93540000, 0x0000013b96a90000]
CodeHeap 'profiled nmethods': size=120000Kb used=85817Kb max_used=86292Kb free=34183Kb
 bounds [0x0000013b87a90000, 0x0000013b8cef0000, 0x0000013b8efc0000]
CodeHeap 'non-nmethods': size=5760Kb used=2641Kb max_used=2813Kb free=3119Kb
 bounds [0x0000013b8efc0000, 0x0000013b8f2a0000, 0x0000013b8f560000]
 total_blobs=48214 nmethods=47003 adapters=1120
 compilation: enabled
              stopped_count=0, restarted_count=0
 full_count=0

Compilation events (20 events):
Event: 30246.207 Thread 0x0000013b9dcb1e70 nmethod 69213 0x0000013b93524b90 code [0x0000013b93524d20, 0x0000013b93524dd8]
Event: 30246.211 Thread 0x0000013b9dcb1e70 69214       1       org.gradle.api.internal.tasks.properties.DefaultServiceReferenceSpec::getBuildServiceName (5 bytes)
Event: 30246.212 Thread 0x0000013b9dcb1e70 nmethod 69214 0x0000013b93524e90 code [0x0000013b93525020, 0x0000013b935250f8]
Event: 30246.212 Thread 0x0000013b9dcb1e70 69215       1       org.gradle.api.internal.tasks.properties.DefaultServiceReferenceSpec::getBuildServiceType (5 bytes)
Event: 30246.212 Thread 0x0000013b9dcb1e70 nmethod 69215 0x0000013b93525190 code [0x0000013b93525320, 0x0000013b935253f8]
Event: 30246.218 Thread 0x0000013b9dcb1e70 69216       3       java.lang.reflect.ReflectAccess::newConstructor (21 bytes)
Event: 30246.218 Thread 0x0000013b9dcb1e70 nmethod 69216 0x0000013b8b8c1b90 code [0x0000013b8b8c1d40, 0x0000013b8b8c1f28]
Event: 30246.255 Thread 0x0000013b9dcadfb0 nmethod 69204 0x0000013b93525490 code [0x0000013b935259a0, 0x0000013b9352c6f8]
Event: 30246.256 Thread 0x0000013b9dcadfb0 69208       4       com.google.protobuf.SingleFieldBuilderV3::<init> (26 bytes)
Event: 30246.258 Thread 0x0000013b9dcadfb0 nmethod 69208 0x0000013b9352e690 code [0x0000013b9352e800, 0x0000013b9352ea78]
Event: 30246.258 Thread 0x0000013b9dcadfb0 69205       4       org.gradle.api.internal.tasks.DefaultTaskContainer$TaskCreatingProvider::onLazyDomainObjectRealized (15 bytes)
Event: 30246.260 Thread 0x0000013b9dcadfb0 nmethod 69205 0x0000013b9352eb10 code [0x0000013b9352ec80, 0x0000013b9352ed58]
Event: 30246.260 Thread 0x0000013b9dcadfb0 69210       4       org.gradle.internal.Factories$1::create (11 bytes)
Event: 30246.260 Thread 0x0000013b9dcadfb0 nmethod 69210 0x0000013b9352ee90 code [0x0000013b9352f000, 0x0000013b9352f098]
Event: 30246.292 Thread 0x0000013bcb20d9f0 nmethod 69207 0x0000013b9352f190 code [0x0000013b9352f4e0, 0x0000013b93533948]
Event: 30246.344 Thread 0x0000013bcb20d9f0 69217       4       com.google.common.collect.ImmutableList::copyOf (50 bytes)
Event: 30246.351 Thread 0x0000013bcb20d9f0 nmethod 69217 0x0000013b93535810 code [0x0000013b935359a0, 0x0000013b93535d38]
Event: 30246.364 Thread 0x0000013bcb20d9f0 69218   !   4       org.gradle.internal.operations.DefaultBuildOperationQueue$WorkerRunnable::shutDown (45 bytes)
Event: 30246.365 Thread 0x0000013b9dcadfb0 69219   !   4       org.gradle.internal.operations.DefaultBuildOperationQueue$WorkerRunnable::run (48 bytes)
Event: 30246.375 Thread 0x0000013bcb20d9f0 nmethod 69218 0x0000013b93536010 code [0x0000013b935361c0, 0x0000013b93536838]

GC Heap History (20 events):
Event: 25439.356 GC heap after
{Heap after GC invocations=274 (full 2):
 garbage-first heap   total 813056K, used 307052K [0x0000000080000000, 0x0000000100000000)
  region size 1024K, 2 young (2048K), 2 survivors (2048K)
 Metaspace       used 208992K, committed 213888K, reserved 622592K
  class space    used 26631K, committed 28800K, reserved 425984K
}
Event: 26845.007 GC heap before
{Heap before GC invocations=274 (full 2):
 garbage-first heap   total 813056K, used 509804K [0x0000000080000000, 0x0000000100000000)
  region size 1024K, 201 young (205824K), 2 survivors (2048K)
 Metaspace       used 209099K, committed 213888K, reserved 622592K
  class space    used 26636K, committed 28800K, reserved 425984K
}
Event: 26845.037 GC heap after
{Heap after GC invocations=275 (full 2):
 garbage-first heap   total 865280K, used 315008K [0x0000000080000000, 0x0000000100000000)
  region size 1024K, 10 young (10240K), 10 survivors (10240K)
 Metaspace       used 209099K, committed 213888K, reserved 622592K
  class space    used 26636K, committed 28800K, reserved 425984K
}
Event: 26847.566 GC heap before
{Heap before GC invocations=276 (full 2):
 garbage-first heap   total 865280K, used 495232K [0x0000000080000000, 0x0000000100000000)
  region size 1024K, 220 young (225280K), 10 survivors (10240K)
 Metaspace       used 209155K, committed 213888K, reserved 622592K
  class space    used 26636K, committed 28800K, reserved 425984K
}
Event: 26847.648 GC heap after
{Heap after GC invocations=277 (full 2):
 garbage-first heap   total 865280K, used 318603K [0x0000000080000000, 0x0000000100000000)
  region size 1024K, 28 young (28672K), 28 survivors (28672K)
 Metaspace       used 209155K, committed 213888K, reserved 622592K
  class space    used 26636K, committed 28800K, reserved 425984K
}
Event: 26847.725 GC heap before
{Heap before GC invocations=277 (full 2):
 garbage-first heap   total 865280K, used 332939K [0x0000000080000000, 0x0000000100000000)
  region size 1024K, 42 young (43008K), 28 survivors (28672K)
 Metaspace       used 209156K, committed 213888K, reserved 622592K
  class space    used 26636K, committed 28800K, reserved 425984K
}
Event: 26847.829 GC heap after
{Heap after GC invocations=278 (full 2):
 garbage-first heap   total 865280K, used 314220K [0x0000000080000000, 0x0000000100000000)
  region size 1024K, 3 young (3072K), 3 survivors (3072K)
 Metaspace       used 209156K, committed 213888K, reserved 622592K
  class space    used 26636K, committed 28800K, reserved 425984K
}
Event: 30234.771 GC heap before
{Heap before GC invocations=278 (full 2):
 garbage-first heap   total 865280K, used 626540K [0x0000000080000000, 0x0000000100000000)
  region size 1024K, 309 young (316416K), 3 survivors (3072K)
 Metaspace       used 209268K, committed 213888K, reserved 622592K
  class space    used 26639K, committed 28800K, reserved 425984K
}
Event: 30235.144 GC heap after
{Heap after GC invocations=279 (full 2):
 garbage-first heap   total 865280K, used 327532K [0x0000000080000000, 0x0000000100000000)
  region size 1024K, 16 young (16384K), 16 survivors (16384K)
 Metaspace       used 209268K, committed 213888K, reserved 622592K
  class space    used 26639K, committed 28800K, reserved 425984K
}
Event: 30236.567 GC heap before
{Heap before GC invocations=279 (full 2):
 garbage-first heap   total 865280K, used 353132K [0x0000000080000000, 0x0000000100000000)
  region size 1024K, 42 young (43008K), 16 survivors (16384K)
 Metaspace       used 209292K, committed 213888K, reserved 622592K
  class space    used 26639K, committed 28800K, reserved 425984K
}
Event: 30236.718 GC heap after
{Heap after GC invocations=280 (full 2):
 garbage-first heap   total 865280K, used 334188K [0x0000000080000000, 0x0000000100000000)
  region size 1024K, 6 young (6144K), 6 survivors (6144K)
 Metaspace       used 209292K, committed 213888K, reserved 622592K
  class space    used 26639K, committed 28800K, reserved 425984K
}
Event: 30241.120 GC heap before
{Heap before GC invocations=280 (full 2):
 garbage-first heap   total 865280K, used 360812K [0x0000000080000000, 0x0000000100000000)
  region size 1024K, 68 young (69632K), 6 survivors (6144K)
 Metaspace       used 208649K, committed 213760K, reserved 622592K
  class space    used 26515K, committed 28800K, reserved 425984K
}
Event: 30241.176 GC heap after
{Heap after GC invocations=281 (full 2):
 garbage-first heap   total 865280K, used 309612K [0x0000000080000000, 0x0000000100000000)
  region size 1024K, 9 young (9216K), 9 survivors (9216K)
 Metaspace       used 208649K, committed 213760K, reserved 622592K
  class space    used 26515K, committed 28800K, reserved 425984K
}
Event: 30241.735 GC heap before
{Heap before GC invocations=282 (full 2):
 garbage-first heap   total 865280K, used 352620K [0x0000000080000000, 0x0000000100000000)
  region size 1024K, 51 young (52224K), 9 survivors (9216K)
 Metaspace       used 208788K, committed 213760K, reserved 622592K
  class space    used 26520K, committed 28800K, reserved 425984K
}
Event: 30242.099 GC heap after
{Heap after GC invocations=283 (full 2):
 garbage-first heap   total 865280K, used 316676K [0x0000000080000000, 0x0000000100000000)
  region size 1024K, 7 young (7168K), 7 survivors (7168K)
 Metaspace       used 208788K, committed 213760K, reserved 622592K
  class space    used 26520K, committed 28800K, reserved 425984K
}
Event: 30244.689 GC heap before
{Heap before GC invocations=283 (full 2):
 garbage-first heap   total 865280K, used 352516K [0x0000000080000000, 0x0000000100000000)
  region size 1024K, 42 young (43008K), 7 survivors (7168K)
 Metaspace       used 208868K, committed 213760K, reserved 622592K
  class space    used 26521K, committed 28800K, reserved 425984K
}
Event: 30244.720 GC heap after
{Heap after GC invocations=284 (full 2):
 garbage-first heap   total 865280K, used 315190K [0x0000000080000000, 0x0000000100000000)
  region size 1024K, 6 young (6144K), 6 survivors (6144K)
 Metaspace       used 208868K, committed 213760K, reserved 622592K
  class space    used 26521K, committed 28800K, reserved 425984K
}
Event: 30245.755 GC heap before
{Heap before GC invocations=284 (full 2):
 garbage-first heap   total 865280K, used 369462K [0x0000000080000000, 0x0000000100000000)
  region size 1024K, 59 young (60416K), 6 survivors (6144K)
 Metaspace       used 208873K, committed 213760K, reserved 622592K
  class space    used 26521K, committed 28800K, reserved 425984K
}
Event: 30245.794 GC heap after
{Heap after GC invocations=285 (full 2):
 garbage-first heap   total 865280K, used 323864K [0x0000000080000000, 0x0000000100000000)
  region size 1024K, 8 young (8192K), 8 survivors (8192K)
 Metaspace       used 208873K, committed 213760K, reserved 622592K
  class space    used 26521K, committed 28800K, reserved 425984K
}
Event: 30246.537 GC heap before
{Heap before GC invocations=285 (full 2):
 garbage-first heap   total 865280K, used 348440K [0x0000000080000000, 0x0000000100000000)
  region size 1024K, 62 young (63488K), 8 survivors (8192K)
 Metaspace       used 208863K, committed 213760K, reserved 622592K
  class space    used 26519K, committed 28800K, reserved 425984K
}

Dll operation events (16 events):
Event: 0.019 Loaded shared library C:\Program Files\Microsoft\jdk-17.0.15.6-hotspot\bin\java.dll
Event: 0.038 Loaded shared library C:\Program Files\Microsoft\jdk-17.0.15.6-hotspot\bin\jsvml.dll
Event: 0.109 Loaded shared library C:\Program Files\Microsoft\jdk-17.0.15.6-hotspot\bin\zip.dll
Event: 0.114 Loaded shared library C:\Program Files\Microsoft\jdk-17.0.15.6-hotspot\bin\instrument.dll
Event: 0.119 Loaded shared library C:\Program Files\Microsoft\jdk-17.0.15.6-hotspot\bin\net.dll
Event: 0.121 Loaded shared library C:\Program Files\Microsoft\jdk-17.0.15.6-hotspot\bin\nio.dll
Event: 0.124 Loaded shared library C:\Program Files\Microsoft\jdk-17.0.15.6-hotspot\bin\zip.dll
Event: 0.385 Loaded shared library C:\Program Files\Microsoft\jdk-17.0.15.6-hotspot\bin\jimage.dll
Event: 0.590 Loaded shared library C:\Program Files\Microsoft\jdk-17.0.15.6-hotspot\bin\verify.dll
Event: 0.705 Loaded shared library C:\Users\Suraj Dudhatra\.gradle\native\1def1411415f61bf3af743bc5b6707747c0891f09f0c88961ee8f79bc544acac\windows-amd64\native-platform.dll
Event: 0.727 Loaded shared library C:\Users\Suraj Dudhatra\.gradle\native\0.2.7\x86_64-windows-gnu\gradle-fileevents.dll
Event: 2.291 Loaded shared library C:\Program Files\Microsoft\jdk-17.0.15.6-hotspot\bin\management.dll
Event: 2.293 Loaded shared library C:\Program Files\Microsoft\jdk-17.0.15.6-hotspot\bin\management_ext.dll
Event: 2.448 Loaded shared library C:\Program Files\Microsoft\jdk-17.0.15.6-hotspot\bin\extnet.dll
Event: 2.711 Loaded shared library C:\Program Files\Microsoft\jdk-17.0.15.6-hotspot\bin\sunmscapi.dll
Event: 3328.971 Loaded shared library C:\Program Files\Microsoft\jdk-17.0.15.6-hotspot\bin\rmi.dll

Deoptimization events (20 events):
Event: 26844.835 Thread 0x0000013bd1f8e060 DEOPT PACKING pc=0x0000013b8bf425f6 sp=0x000000039d0f7600
Event: 26844.835 Thread 0x0000013bd1f8e060 DEOPT UNPACKING pc=0x0000013b8f017143 sp=0x000000039d0f6b30 mode 0
Event: 26850.682 Thread 0x0000013bc2cd3d00 Uncommon trap: trap_request=0xffffffbe fr.pc=0x0000013b9347c2a4 relative=0x00000000000004e4
Event: 26850.682 Thread 0x0000013bc2cd3d00 Uncommon trap: reason=profile_predicate action=maybe_recompile pc=0x0000013b9347c2a4 method=com.google.common.collect.ImmutableList.copyIntoArray([Ljava/lang/Object;I)I @ 11 c2
Event: 26850.682 Thread 0x0000013bc2cd3d00 DEOPT PACKING pc=0x0000013b9347c2a4 sp=0x000000039fbfb580
Event: 26850.682 Thread 0x0000013bc2cd3d00 DEOPT UNPACKING pc=0x0000013b8f0169a3 sp=0x000000039fbfb540 mode 2
Event: 30234.226 Thread 0x0000013bcca6dbe0 DEOPT PACKING pc=0x0000013b8b11da92 sp=0x000000039d0f84f0
Event: 30234.231 Thread 0x0000013bcca6dbe0 DEOPT UNPACKING pc=0x0000013b8f017143 sp=0x000000039d0f7a98 mode 0
Event: 30236.944 Thread 0x0000013bcca6dbe0 DEOPT PACKING pc=0x0000013b8b29d0ff sp=0x000000039d0f6580
Event: 30236.947 Thread 0x0000013bcca6dbe0 DEOPT UNPACKING pc=0x0000013b8f017143 sp=0x000000039d0f5a78 mode 0
Event: 30240.381 Thread 0x0000013bcca6dbe0 Uncommon trap: trap_request=0xffffffde fr.pc=0x0000013b9135b768 relative=0x0000000000004848
Event: 30240.381 Thread 0x0000013bcca6dbe0 Uncommon trap: reason=class_check action=maybe_recompile pc=0x0000013b9135b768 method=org.codehaus.groovy.util.ReferenceManager$CallBackedManager.removeStallEntries0(Ljava/lang/ref/ReferenceQueue;)V @ 13 c2
Event: 30240.381 Thread 0x0000013bcca6dbe0 DEOPT PACKING pc=0x0000013b9135b768 sp=0x000000039d0f93f0
Event: 30240.384 Thread 0x0000013bcca6dbe0 DEOPT UNPACKING pc=0x0000013b8f0169a3 sp=0x000000039d0f90a8 mode 2
Event: 30244.670 Thread 0x0000013bcca6dbe0 Uncommon trap: trap_request=0xffffff6e fr.pc=0x0000013b93504ab4 relative=0x0000000000000734
Event: 30244.670 Thread 0x0000013bcca6dbe0 Uncommon trap: reason=loop_limit_check action=maybe_recompile pc=0x0000013b93504ab4 method=org.gradle.api.internal.artifacts.ivyservice.resolveengine.result.ResolutionResultGraphBuilder.getRoot(J)Lorg/gradle/api/internal/artifacts/result/ResolvedComponent
Event: 30244.670 Thread 0x0000013bcca6dbe0 DEOPT PACKING pc=0x0000013b93504ab4 sp=0x000000039d0f9e10
Event: 30244.673 Thread 0x0000013bcca6dbe0 DEOPT UNPACKING pc=0x0000013b8f0169a3 sp=0x000000039d0f9dc8 mode 2
Event: 30245.201 Thread 0x0000013bcca6dbe0 DEOPT PACKING pc=0x0000013b8becedbc sp=0x000000039d0f98f0
Event: 30245.203 Thread 0x0000013bcca6dbe0 DEOPT UNPACKING pc=0x0000013b8f017143 sp=0x000000039d0f8e40 mode 0

Classes loaded (20 events):
Event: 19298.795 Loading class java/security/spec/ECPublicKeySpec
Event: 19298.796 Loading class java/security/spec/ECPublicKeySpec done
Event: 19322.269 Loading class com/sun/org/apache/xerces/internal/dom/DeferredElementNSImpl
Event: 19322.271 Loading class com/sun/org/apache/xerces/internal/dom/DeferredElementNSImpl done
Event: 19322.300 Loading class com/sun/org/apache/xerces/internal/dom/DeferredAttrNSImpl
Event: 19322.304 Loading class com/sun/org/apache/xerces/internal/dom/DeferredAttrNSImpl done
Event: 19417.373 Loading class java/util/Collections$UnmodifiableSortedSet
Event: 19417.374 Loading class java/util/Collections$UnmodifiableSortedSet done
Event: 19437.757 Loading class jdk/internal/reflect/UnsafeByteFieldAccessorImpl
Event: 19437.758 Loading class jdk/internal/reflect/UnsafeByteFieldAccessorImpl done
Event: 19456.799 Loading class java/lang/Throwable$WrappedPrintWriter
Event: 19456.799 Loading class java/lang/Throwable$PrintStreamOrWriter
Event: 19456.799 Loading class java/lang/Throwable$PrintStreamOrWriter done
Event: 19456.799 Loading class java/lang/Throwable$WrappedPrintWriter done
Event: 19457.367 Loading class java/util/Collections$EmptyListIterator
Event: 19457.368 Loading class java/util/Collections$EmptyListIterator done
Event: 19457.410 Loading class java/net/UrlDeserializedState
Event: 19457.410 Loading class java/net/UrlDeserializedState done
Event: 20458.939 Loading class com/sun/org/apache/xerces/internal/xni/grammars/XMLGrammarPool
Event: 20458.942 Loading class com/sun/org/apache/xerces/internal/xni/grammars/XMLGrammarPool done

Classes unloaded (20 events):
Event: 30237.806 Thread 0x0000013b9dc7a410 Unloading class 0x0000013ba09e0000 'build_bigsuztrevwe8unnczyjit4sn$getExtOrDefault'
Event: 30237.806 Thread 0x0000013b9dc7a410 Unloading class 0x0000013ba09d3000 'java_lang_Boolean$toString'
Event: 30246.461 Thread 0x0000013b9dc7a410 Unloading class 0x0000013ba0b91c00 'jdk/internal/reflect/GeneratedConstructorAccessor848'
Event: 30246.461 Thread 0x0000013b9dc7a410 Unloading class 0x0000013ba0a84400 'jdk/internal/reflect/GeneratedConstructorAccessor830'
Event: 30246.461 Thread 0x0000013b9dc7a410 Unloading class 0x0000013ba0aac400 'jdk/internal/reflect/GeneratedConstructorAccessor829'
Event: 30246.461 Thread 0x0000013b9dc7a410 Unloading class 0x0000013ba0ac0800 'jdk/internal/reflect/GeneratedConstructorAccessor828'
Event: 30246.461 Thread 0x0000013b9dc7a410 Unloading class 0x0000013ba0ae8400 'jdk/internal/reflect/GeneratedConstructorAccessor827'
Event: 30246.461 Thread 0x0000013b9dc7a410 Unloading class 0x0000013ba0ae9000 'jdk/internal/reflect/GeneratedConstructorAccessor826'
Event: 30246.461 Thread 0x0000013b9dc7a410 Unloading class 0x0000013ba0aeac00 'jdk/internal/reflect/GeneratedConstructorAccessor825'
Event: 30246.461 Thread 0x0000013b9dc7a410 Unloading class 0x0000013ba018d000 'jdk/internal/reflect/GeneratedConstructorAccessor824'
Event: 30246.461 Thread 0x0000013b9dc7a410 Unloading class 0x0000013ba0a33000 'jdk/internal/reflect/GeneratedConstructorAccessor823'
Event: 30246.461 Thread 0x0000013b9dc7a410 Unloading class 0x0000013ba0a3a400 'jdk/internal/reflect/GeneratedConstructorAccessor822'
Event: 30246.461 Thread 0x0000013b9dc7a410 Unloading class 0x0000013ba0a3b000 'jdk/internal/reflect/GeneratedConstructorAccessor821'
Event: 30246.461 Thread 0x0000013b9dc7a410 Unloading class 0x0000013ba0a44c00 'jdk/internal/reflect/GeneratedConstructorAccessor820'
Event: 30246.461 Thread 0x0000013b9dc7a410 Unloading class 0x0000013ba0a45000 'jdk/internal/reflect/GeneratedConstructorAccessor819'
Event: 30246.461 Thread 0x0000013b9dc7a410 Unloading class 0x0000013ba0a4b000 'jdk/internal/reflect/GeneratedConstructorAccessor818'
Event: 30246.461 Thread 0x0000013b9dc7a410 Unloading class 0x0000013ba0a50400 'jdk/internal/reflect/GeneratedConstructorAccessor817'
Event: 30246.461 Thread 0x0000013b9dc7a410 Unloading class 0x0000013ba0a51800 'jdk/internal/reflect/GeneratedConstructorAccessor816'
Event: 30246.461 Thread 0x0000013b9dc7a410 Unloading class 0x0000013ba0ab6c00 'jdk/internal/reflect/GeneratedConstructorAccessor815'
Event: 30246.461 Thread 0x0000013b9dc7a410 Unloading class 0x0000013ba0ac1c00 'jdk/internal/reflect/GeneratedConstructorAccessor814'

Classes redefined (0 events):
No events

Internal exceptions (20 events):
Event: 30245.858 Thread 0x0000013bcca6dbe0 Exception <a 'sun/nio/fs/WindowsException'{0x00000000b44705c8}> (0x00000000b44705c8) 
thrown [s\src\hotspot\share\prims\jni.cpp, line 516]
Event: 30245.894 Thread 0x0000013bccde82e0 Exception <a 'java/lang/NoSuchMethodError'{0x00000000b4208008}: static Lcom/android/build/api/variant/BuildConfigField;.<clinit>()V> (0x00000000b4208008) 
thrown [s\src\hotspot\share\prims\jni.cpp, line 1112]
Event: 30245.936 Thread 0x0000013bccde6990 Exception <a 'java/lang/NoSuchMethodError'{0x00000000b3a2d5e8}: static Lcom/android/build/api/variant/impl/ResValueKeyImpl;.<clinit>()V> (0x00000000b3a2d5e8) 
thrown [s\src\hotspot\share\prims\jni.cpp, line 1112]
Event: 30245.937 Thread 0x0000013bccde6990 Exception <a 'java/lang/NoSuchMethodError'{0x00000000b3a3eca0}: static Lcom/android/build/api/variant/ResValue;.<clinit>()V> (0x00000000b3a3eca0) 
thrown [s\src\hotspot\share\prims\jni.cpp, line 1112]
Event: 30245.945 Thread 0x0000013bccde6990 Exception <a 'sun/nio/fs/WindowsException'{0x00000000b3abb7e0}> (0x00000000b3abb7e0) 
thrown [s\src\hotspot\share\prims\jni.cpp, line 516]
Event: 30245.953 Thread 0x0000013bccde6990 Exception <a 'sun/nio/fs/WindowsException'{0x00000000b3943dc8}> (0x00000000b3943dc8) 
thrown [s\src\hotspot\share\prims\jni.cpp, line 516]
Event: 30245.974 Thread 0x0000013bccde6990 Exception <a 'sun/nio/fs/WindowsException'{0x00000000b39c4978}> (0x00000000b39c4978) 
thrown [s\src\hotspot\share\prims\jni.cpp, line 516]
Event: 30245.981 Thread 0x0000013bcca6e600 Exception <a 'sun/nio/fs/WindowsException'{0x00000000b38395e8}> (0x00000000b38395e8) 
thrown [s\src\hotspot\share\prims\jni.cpp, line 516]
Event: 30245.988 Thread 0x0000013bcca6e600 Exception <a 'sun/nio/fs/WindowsException'{0x00000000b38ac9f0}> (0x00000000b38ac9f0) 
thrown [s\src\hotspot\share\prims\jni.cpp, line 516]
Event: 30245.995 Thread 0x0000013bcca6e600 Exception <a 'sun/nio/fs/WindowsException'{0x00000000b37289b8}> (0x00000000b37289b8) 
thrown [s\src\hotspot\share\prims\jni.cpp, line 516]
Event: 30246.003 Thread 0x0000013bcca6e600 Exception <a 'sun/nio/fs/WindowsException'{0x00000000b37a4058}> (0x00000000b37a4058) 
thrown [s\src\hotspot\share\prims\jni.cpp, line 516]
Event: 30246.009 Thread 0x0000013bcca6e600 Exception <a 'sun/nio/fs/WindowsException'{0x00000000b361e018}> (0x00000000b361e018) 
thrown [s\src\hotspot\share\prims\jni.cpp, line 516]
Event: 30246.218 Thread 0x0000013bccde4b30 Exception <a 'java/lang/NoSuchMethodError'{0x00000000b28c62d8}: static Lcom/android/build/gradle/internal/scope/InternalArtifactType;.<clinit>()V> (0x00000000b28c62d8) 
thrown [s\src\hotspot\share\prims\jni.cpp, line 1112]
Event: 30246.218 Thread 0x0000013bccde4b30 Exception <a 'java/lang/NoSuchMethodError'{0x00000000b28c8020}: static Lcom/android/build/gradle/internal/scope/InternalArtifactType;.<clinit>()V> (0x00000000b28c8020) 
thrown [s\src\hotspot\share\prims\jni.cpp, line 1112]
Event: 30246.218 Thread 0x0000013bccde4b30 Exception <a 'java/lang/NoSuchMethodError'{0x00000000b28cbb30}: static Lcom/android/build/api/artifact/Artifact$Single;.<clinit>()V> (0x00000000b28cbb30) 
thrown [s\src\hotspot\share\prims\jni.cpp, line 1112]
Event: 30246.218 Thread 0x0000013bccde4b30 Exception <a 'java/lang/NoSuchMethodError'{0x00000000b28ce588}: static Ljava/lang/Object;.<clinit>()V> (0x00000000b28ce588) 
thrown [s\src\hotspot\share\prims\jni.cpp, line 1112]
Event: 30246.222 Thread 0x0000013bccde4b30 Exception <a 'java/lang/NoSuchMethodError'{0x00000000b28eb018}: static Lcom/android/build/api/artifact/ArtifactKind;.<clinit>()V> (0x00000000b28eb018) 
thrown [s\src\hotspot\share\prims\jni.cpp, line 1112]
Event: 30246.222 Thread 0x0000013bccde4b30 Exception <a 'java/lang/NoSuchMethodError'{0x00000000b28ec690}: static Lcom/android/build/api/artifact/ArtifactKind;.<clinit>()V> (0x00000000b28ec690) 
thrown [s\src\hotspot\share\prims\jni.cpp, line 1112]
Event: 30246.224 Thread 0x0000013bccde4b30 Exception <a 'java/lang/NoSuchMethodError'{0x00000000b270a128}: static Lcom/android/build/gradle/internal/scope/InternalArtifactType;.<clinit>()V> (0x00000000b270a128) 
thrown [s\src\hotspot\share\prims\jni.cpp, line 1112]
Event: 30246.267 Thread 0x0000013bccde4b30 Exception <a 'java/lang/NoSuchMethodError'{0x00000000b22a78c0}: static Ljava/lang/Object;.<clinit>()V> (0x00000000b22a78c0) 
thrown [s\src\hotspot\share\prims\jni.cpp, line 1112]

VM Operations (20 events):
Event: 30237.723 Executing VM operation: Cleanup done
Event: 30237.781 Executing VM operation: G1PauseRemark
Event: 30240.040 Executing VM operation: G1PauseRemark done
Event: 30241.099 Executing VM operation: G1CollectForAllocation
Event: 30241.177 Executing VM operation: G1CollectForAllocation done
Event: 30241.242 Executing VM operation: G1PauseCleanup
Event: 30241.262 Executing VM operation: G1PauseCleanup done
Event: 30241.735 Executing VM operation: G1CollectForAllocation
Event: 30242.099 Executing VM operation: G1CollectForAllocation done
Event: 30244.093 Executing VM operation: Cleanup
Event: 30244.093 Executing VM operation: Cleanup done
Event: 30244.689 Executing VM operation: G1CollectForAllocation
Event: 30244.720 Executing VM operation: G1CollectForAllocation done
Event: 30245.730 Executing VM operation: Cleanup
Event: 30245.731 Executing VM operation: Cleanup done
Event: 30245.755 Executing VM operation: G1CollectForAllocation
Event: 30245.795 Executing VM operation: G1CollectForAllocation done
Event: 30246.458 Executing VM operation: G1PauseRemark
Event: 30246.534 Executing VM operation: G1PauseRemark done
Event: 30246.537 Executing VM operation: G1CollectForAllocation

Memory protections (0 events):
No events

Nmethod flushes (20 events):
Event: 26022.799 Thread 0x0000013b9dcccf70 flushing  nmethod 0x0000013b88f5c890
Event: 26022.799 Thread 0x0000013b9dcccf70 flushing  nmethod 0x0000013b89038e10
Event: 26022.800 Thread 0x0000013b9dcccf70 flushing  nmethod 0x0000013b8904e110
Event: 26022.801 Thread 0x0000013b9dcccf70 flushing  nmethod 0x0000013b89267210
Event: 26022.801 Thread 0x0000013b9dcccf70 flushing  nmethod 0x0000013b89395110
Event: 26022.802 Thread 0x0000013b9dcccf70 flushing  nmethod 0x0000013b8942dc90
Event: 26022.804 Thread 0x0000013b9dcccf70 flushing  nmethod 0x0000013b898abd90
Event: 26022.804 Thread 0x0000013b9dcccf70 flushing  nmethod 0x0000013b898bd410
Event: 26022.804 Thread 0x0000013b9dcccf70 flushing  nmethod 0x0000013b898ee990
Event: 26022.806 Thread 0x0000013b9dcccf70 flushing  nmethod 0x0000013b89d5f010
Event: 26022.808 Thread 0x0000013b9dcccf70 flushing  nmethod 0x0000013b8a0bf890
Event: 26022.808 Thread 0x0000013b9dcccf70 flushing  nmethod 0x0000013b8a123a90
Event: 26022.809 Thread 0x0000013b9dcccf70 flushing  nmethod 0x0000013b8a2e5010
Event: 26022.811 Thread 0x0000013b9dcccf70 flushing  nmethod 0x0000013b8a56d110
Event: 26022.815 Thread 0x0000013b9dcccf70 flushing  nmethod 0x0000013b8ae2ee90
Event: 26022.818 Thread 0x0000013b9dcccf70 flushing  nmethod 0x0000013b8b42ab90
Event: 26022.818 Thread 0x0000013b9dcccf70 flushing  nmethod 0x0000013b8b4bc110
Event: 26022.820 Thread 0x0000013b9dcccf70 flushing  nmethod 0x0000013b8b738510
Event: 26022.820 Thread 0x0000013b9dcccf70 flushing  nmethod 0x0000013b8b744610
Event: 26022.828 Thread 0x0000013b9dcccf70 flushing  nmethod 0x0000013b8c0fad10

Events (20 events):
Event: 30234.675 Thread 0x0000013bcca6dbe0 Thread added: 0x0000013bcc80b3d0
Event: 30234.676 Thread 0x0000013bcca6dbe0 Thread added: 0x0000013bcc80bdf0
Event: 30234.676 Thread 0x0000013bcca6dbe0 Thread added: 0x0000013bcc809570
Event: 30234.745 Thread 0x0000013bcca6dbe0 Thread added: 0x0000013bd21f38d0
Event: 30234.746 Thread 0x0000013bcca6dbe0 Thread added: 0x0000013bd21f1560
Event: 30234.747 Thread 0x0000013bcca6dbe0 Thread added: 0x0000013bd21f2eb0
Event: 30235.341 Thread 0x0000013bcca6dbe0 Thread added: 0x0000013bc9319940
Event: 30235.499 Thread 0x0000013bcca6dbe0 Thread added: 0x0000013bcc809a80
Event: 30236.058 Thread 0x0000013bcca6dbe0 Thread added: 0x0000013bd21f1a70
Event: 30236.065 Thread 0x0000013bcca6dbe0 Thread added: 0x0000013bccde6480
Event: 30236.503 Thread 0x0000013bcca6dbe0 Thread added: 0x0000013bc9d1e9c0
Event: 30236.505 Thread 0x0000013bcca6dbe0 Thread added: 0x0000013bc9d1eed0
Event: 30236.505 Thread 0x0000013bcca6dbe0 Thread added: 0x0000013bd4377830
Event: 30236.515 Thread 0x0000013bcca6dbe0 Thread added: 0x0000013bd43754c0
Event: 30236.519 Thread 0x0000013bcca6dbe0 Thread added: 0x0000013bd43759d0
Event: 30236.519 Thread 0x0000013bcca6dbe0 Thread added: 0x0000013bd4378250
Event: 30245.862 Thread 0x0000013bcca6dbe0 Thread added: 0x0000013bd43763f0
Event: 30245.862 Thread 0x0000013bcca6dbe0 Thread added: 0x0000013bd4376e10
Event: 30245.869 Thread 0x0000013bccde82e0 Thread added: 0x0000013bc9d1f3e0
Event: 30246.083 Thread 0x0000013b9dcb1e70 Thread added: 0x0000013bcb20d9f0


Dynamic libraries:
0x00007ff77ab00000 - 0x00007ff77ab0e000 	C:\Program Files\Microsoft\jdk-17.0.15.6-hotspot\bin\java.exe
0x00007ffa53190000 - 0x00007ffa53388000 	C:\WINDOWS\SYSTEM32\ntdll.dll
0x00007ffa511b0000 - 0x00007ffa51272000 	C:\WINDOWS\System32\KERNEL32.DLL
0x00007ffa50c30000 - 0x00007ffa50f26000 	C:\WINDOWS\System32\KERNELBASE.dll
0x00007ffa50820000 - 0x00007ffa50920000 	C:\WINDOWS\System32\ucrtbase.dll
0x00007ffa32cc0000 - 0x00007ffa32cdd000 	C:\Program Files\Microsoft\jdk-17.0.15.6-hotspot\bin\VCRUNTIME140.dll
0x00007ffa29ca0000 - 0x00007ffa29cb7000 	C:\Program Files\Microsoft\jdk-17.0.15.6-hotspot\bin\jli.dll
0x00007ffa513b0000 - 0x00007ffa5154d000 	C:\WINDOWS\System32\USER32.dll
0x00007ffa509f0000 - 0x00007ffa50a12000 	C:\WINDOWS\System32\win32u.dll
0x00007ffa518b0000 - 0x00007ffa518db000 	C:\WINDOWS\System32\GDI32.dll
0x00007ffa50f30000 - 0x00007ffa51049000 	C:\WINDOWS\System32\gdi32full.dll
0x00007ffa418a0000 - 0x00007ffa41b3a000 	C:\WINDOWS\WinSxS\amd64_microsoft.windows.common-controls_6595b64144ccf1df_6.0.19041.5915_none_60b4b9d171f9c7c7\COMCTL32.dll
0x00007ffa51050000 - 0x00007ffa510ed000 	C:\WINDOWS\System32\msvcp_win.dll
0x00007ffa51d40000 - 0x00007ffa51dde000 	C:\WINDOWS\System32\msvcrt.dll
0x00007ffa51680000 - 0x00007ffa516af000 	C:\WINDOWS\System32\IMM32.DLL
0x00007ffa32cb0000 - 0x00007ffa32cbc000 	C:\Program Files\Microsoft\jdk-17.0.15.6-hotspot\bin\vcruntime140_1.dll
0x00007ffa062c0000 - 0x00007ffa0634d000 	C:\Program Files\Microsoft\jdk-17.0.15.6-hotspot\bin\msvcp140.dll
0x00007ff9f0d10000 - 0x00007ff9f1982000 	C:\Program Files\Microsoft\jdk-17.0.15.6-hotspot\bin\server\jvm.dll
0x00007ffa51fa0000 - 0x00007ffa52051000 	C:\WINDOWS\System32\ADVAPI32.dll
0x00007ffa522d0000 - 0x00007ffa5236f000 	C:\WINDOWS\System32\sechost.dll
0x00007ffa51550000 - 0x00007ffa51673000 	C:\WINDOWS\System32\RPCRT4.dll
0x00007ffa51180000 - 0x00007ffa511a7000 	C:\WINDOWS\System32\bcrypt.dll
0x00007ffa517e0000 - 0x00007ffa5184b000 	C:\WINDOWS\System32\WS2_32.dll
0x00007ffa50390000 - 0x00007ffa503db000 	C:\WINDOWS\SYSTEM32\POWRPROF.dll
0x00007ffa3b4d0000 - 0x00007ffa3b4f7000 	C:\WINDOWS\SYSTEM32\WINMM.dll
0x00007ffa4b490000 - 0x00007ffa4b49a000 	C:\WINDOWS\SYSTEM32\VERSION.dll
0x00007ffa50280000 - 0x00007ffa50292000 	C:\WINDOWS\SYSTEM32\UMPDC.dll
0x00007ffa4e5e0000 - 0x00007ffa4e5f2000 	C:\WINDOWS\SYSTEM32\kernel.appcore.dll
0x00007ffa32730000 - 0x00007ffa3273a000 	C:\Program Files\Microsoft\jdk-17.0.15.6-hotspot\bin\jimage.dll
0x00007ffa4a850000 - 0x00007ffa4aa51000 	C:\WINDOWS\SYSTEM32\DBGHELP.DLL
0x00007ffa4a5c0000 - 0x00007ffa4a5f4000 	C:\WINDOWS\SYSTEM32\dbgcore.DLL
0x00007ffa510f0000 - 0x00007ffa51172000 	C:\WINDOWS\System32\bcryptPrimitives.dll
0x00007ffa261f0000 - 0x00007ffa261fe000 	C:\Program Files\Microsoft\jdk-17.0.15.6-hotspot\bin\instrument.dll
0x00007ffa06610000 - 0x00007ffa06635000 	C:\Program Files\Microsoft\jdk-17.0.15.6-hotspot\bin\java.dll
0x00007ff9f2870000 - 0x00007ff9f2946000 	C:\Program Files\Microsoft\jdk-17.0.15.6-hotspot\bin\jsvml.dll
0x00007ffa52890000 - 0x00007ffa52ffe000 	C:\WINDOWS\System32\SHELL32.dll
0x00007ffa4e8c0000 - 0x00007ffa4f064000 	C:\WINDOWS\SYSTEM32\windows.storage.dll
0x00007ffa518f0000 - 0x00007ffa51c43000 	C:\WINDOWS\System32\combase.dll
0x00007ffa501e0000 - 0x00007ffa5020b000 	C:\WINDOWS\SYSTEM32\Wldp.dll
0x00007ffa512e0000 - 0x00007ffa513ad000 	C:\WINDOWS\System32\OLEAUT32.dll
0x00007ffa516b0000 - 0x00007ffa5175d000 	C:\WINDOWS\System32\SHCORE.dll
0x00007ffa52270000 - 0x00007ffa522cb000 	C:\WINDOWS\System32\shlwapi.dll
0x00007ffa50750000 - 0x00007ffa50775000 	C:\WINDOWS\SYSTEM32\profapi.dll
0x00007ffa062a0000 - 0x00007ffa062b8000 	C:\Program Files\Microsoft\jdk-17.0.15.6-hotspot\bin\zip.dll
0x00007ffa065f0000 - 0x00007ffa0660a000 	C:\Program Files\Microsoft\jdk-17.0.15.6-hotspot\bin\net.dll
0x00007ffa4b140000 - 0x00007ffa4b24a000 	C:\WINDOWS\SYSTEM32\WINHTTP.dll
0x00007ffa4fee0000 - 0x00007ffa4ff4a000 	C:\WINDOWS\system32\mswsock.dll
0x00007ffa06500000 - 0x00007ffa06516000 	C:\Program Files\Microsoft\jdk-17.0.15.6-hotspot\bin\nio.dll
0x00007ffa2e2b0000 - 0x00007ffa2e2c0000 	C:\Program Files\Microsoft\jdk-17.0.15.6-hotspot\bin\verify.dll
0x00007ffa06110000 - 0x00007ffa06137000 	C:\Users\Suraj Dudhatra\.gradle\native\1def1411415f61bf3af743bc5b6707747c0891f09f0c88961ee8f79bc544acac\windows-amd64\native-platform.dll
0x00007ff9f27f0000 - 0x00007ff9f2868000 	C:\Users\Suraj Dudhatra\.gradle\native\0.2.7\x86_64-windows-gnu\gradle-fileevents.dll
0x00007ffa2c220000 - 0x00007ffa2c22a000 	C:\Program Files\Microsoft\jdk-17.0.15.6-hotspot\bin\management.dll
0x00007ffa2bea0000 - 0x00007ffa2beab000 	C:\Program Files\Microsoft\jdk-17.0.15.6-hotspot\bin\management_ext.dll
0x00007ffa518e0000 - 0x00007ffa518e8000 	C:\WINDOWS\System32\PSAPI.DLL
0x00007ffa4fbc0000 - 0x00007ffa4fbfb000 	C:\WINDOWS\SYSTEM32\IPHLPAPI.DLL
0x00007ffa51f90000 - 0x00007ffa51f98000 	C:\WINDOWS\System32\NSI.dll
0x00007ffa4b8f0000 - 0x00007ffa4b907000 	C:\WINDOWS\SYSTEM32\dhcpcsvc6.DLL
0x00007ffa4b820000 - 0x00007ffa4b83d000 	C:\WINDOWS\SYSTEM32\dhcpcsvc.DLL
0x00007ffa4fc00000 - 0x00007ffa4fcca000 	C:\WINDOWS\SYSTEM32\DNSAPI.dll
0x00007ffa29ba0000 - 0x00007ffa29ba9000 	C:\Program Files\Microsoft\jdk-17.0.15.6-hotspot\bin\extnet.dll
0x00007ffa500e0000 - 0x00007ffa500f8000 	C:\WINDOWS\SYSTEM32\CRYPTSP.dll
0x00007ffa4f800000 - 0x00007ffa4f838000 	C:\WINDOWS\system32\rsaenh.dll
0x00007ffa506d0000 - 0x00007ffa506fe000 	C:\WINDOWS\SYSTEM32\USERENV.dll
0x00007ffa500d0000 - 0x00007ffa500dc000 	C:\WINDOWS\SYSTEM32\CRYPTBASE.dll
0x00007ffa128c0000 - 0x00007ffa128ce000 	C:\Program Files\Microsoft\jdk-17.0.15.6-hotspot\bin\sunmscapi.dll
0x00007ffa50a20000 - 0x00007ffa50b7d000 	C:\WINDOWS\System32\CRYPT32.dll
0x00007ffa50250000 - 0x00007ffa50277000 	C:\WINDOWS\SYSTEM32\ncrypt.dll
0x00007ffa50210000 - 0x00007ffa5024b000 	C:\WINDOWS\SYSTEM32\NTASN1.dll
0x00007ffa48830000 - 0x00007ffa48837000 	C:\WINDOWS\system32\wshunix.dll
0x00007ffa4fa50000 - 0x00007ffa4fa83000 	C:\WINDOWS\SYSTEM32\ntmarta.dll
0x00007ffa48cc0000 - 0x00007ffa48cc7000 	C:\Program Files\Microsoft\jdk-17.0.15.6-hotspot\bin\rmi.dll
0x00007ffa4aa60000 - 0x00007ffa4aa6a000 	C:\Windows\System32\rasadhlp.dll
0x00007ffa48f20000 - 0x00007ffa48fa0000 	C:\WINDOWS\System32\fwpuclnt.dll
0x00007ffa4de20000 - 0x00007ffa4deb4000 	C:\WINDOWS\system32\apphelp.dll

dbghelp: loaded successfully - version: 4.0.5 - missing functions: none
symbol engine: initialized successfully - sym options: 0x614 - pdb path: .;C:\Program Files\Microsoft\jdk-17.0.15.6-hotspot\bin;C:\WINDOWS\SYSTEM32;C:\WINDOWS\WinSxS\amd64_microsoft.windows.common-controls_6595b64144ccf1df_6.0.19041.5915_none_60b4b9d171f9c7c7;C:\Program Files\Microsoft\jdk-17.0.15.6-hotspot\bin\server;C:\Users\Suraj Dudhatra\.gradle\native\1def1411415f61bf3af743bc5b6707747c0891f09f0c88961ee8f79bc544acac\windows-amd64;C:\Users\Suraj Dudhatra\.gradle\native\0.2.7\x86_64-windows-gnu

VM Arguments:
jvm_args: --add-opens=java.base/java.lang=ALL-UNNAMED --add-opens=java.base/java.lang.invoke=ALL-UNNAMED --add-opens=java.base/java.util=ALL-UNNAMED --add-opens=java.prefs/java.util.prefs=ALL-UNNAMED --add-exports=jdk.compiler/com.sun.tools.javac.api=ALL-UNNAMED --add-exports=jdk.compiler/com.sun.tools.javac.util=ALL-UNNAMED --add-opens=java.base/java.util=ALL-UNNAMED --add-opens=java.prefs/java.util.prefs=ALL-UNNAMED --add-opens=java.base/java.nio.charset=ALL-UNNAMED --add-opens=java.base/java.net=ALL-UNNAMED --add-opens=java.base/java.util.concurrent.atomic=ALL-UNNAMED --add-opens=java.xml/javax.xml.namespace=ALL-UNNAMED -XX:MaxMetaspaceSize=512m -Xmx2048m -Dfile.encoding=windows-1252 -Duser.country=IN -Duser.language=en -Duser.variant -javaagent:C:\Users\Suraj Dudhatra\.gradle\wrapper\dists\gradle-8.14.1-bin\baw1sv0jfoi8rxs14qo3h49cs\gradle-8.14.1\lib\agents\gradle-instrumentation-agent-8.14.1.jar 
java_command: org.gradle.launcher.daemon.bootstrap.GradleDaemon 8.14.1
java_class_path (initial): C:\Users\Suraj Dudhatra\.gradle\wrapper\dists\gradle-8.14.1-bin\baw1sv0jfoi8rxs14qo3h49cs\gradle-8.14.1\lib\gradle-daemon-main-8.14.1.jar
Launcher Type: SUN_STANDARD

[Global flags]
     intx CICompilerCount                          = 3                                         {product} {ergonomic}
   size_t CompressedClassSpaceSize                 = 436207616                                 {product} {ergonomic}
     uint ConcGCThreads                            = 1                                         {product} {ergonomic}
     uint G1ConcRefinementThreads                  = 4                                         {product} {ergonomic}
   size_t G1HeapRegionSize                         = 1048576                                   {product} {ergonomic}
    uintx GCDrainStackTargetSize                   = 64                                        {product} {ergonomic}
   size_t InitialHeapSize                          = 201326592                                 {product} {ergonomic}
   size_t MarkStackSize                            = 4194304                                   {product} {ergonomic}
   size_t MaxHeapSize                              = 2147483648                                {product} {command line}
   size_t MaxMetaspaceSize                         = 536870912                                 {product} {command line}
   size_t MaxNewSize                               = 1287651328                                {product} {ergonomic}
   size_t MinHeapDeltaBytes                        = 1048576                                   {product} {ergonomic}
   size_t MinHeapSize                              = 8388608                                   {product} {ergonomic}
    uintx NonNMethodCodeHeapSize                   = 5832780                                {pd product} {ergonomic}
    uintx NonProfiledCodeHeapSize                  = 122912730                              {pd product} {ergonomic}
    uintx ProfiledCodeHeapSize                     = 122912730                              {pd product} {ergonomic}
    uintx ReservedCodeCacheSize                    = 251658240                              {pd product} {ergonomic}
     bool SegmentedCodeCache                       = true                                      {product} {ergonomic}
   size_t SoftMaxHeapSize                          = 2147483648                             {manageable} {ergonomic}
     bool UseCompressedClassPointers               = true                           {product lp64_product} {ergonomic}
     bool UseCompressedOops                        = true                           {product lp64_product} {ergonomic}
     bool UseG1GC                                  = true                                      {product} {ergonomic}
     bool UseLargePagesIndividualAllocation        = false                                  {pd product} {ergonomic}

Logging:
Log output configuration:
 #0: stdout all=warning uptime,level,tags
 #1: stderr all=off uptime,level,tags

Environment Variables:
JAVA_HOME=C:\Program Files\Microsoft\jdk-17.0.15.6-hotspot\
PATH=D:\HelloWorld\AwesomeProject\node_modules\.bin;D:\HelloWorld\node_modules\.bin;D:\node_modules\.bin;C:\Program Files\nodejs\node_modules\npm\node_modules\@npmcli\run-script\lib\node-gyp-bin;C:\Program Files\Microsoft\jdk-17.0.15.6-hotspot\bin;C:\Python313\Scripts\;C:\Python313\;C:\WINDOWS\system32;C:\WINDOWS;C:\WINDOWS\System32\Wbem;C:\WINDOWS\System32\WindowsPowerShell\v1.0\;C:\WINDOWS\System32\OpenSSH\;C:\Program Files\nodejs\;C:\ProgramData\chocolatey\bin;C:\Users\Suraj Dudhatra\AppData\Local\Microsoft\WindowsApps;C:\Users\Suraj Dudhatra\AppData\Local\Programs\Microsoft VS Code\bin;C:\Users\Suraj Dudhatra\AppData\Roaming\npm;C:\Users\Suraj Dudhatra\AppData\Local\Android\Sdk\platform-tools;C:\Program Files\Git\cmd;C:\Users\Suraj Dudhatra\AppData\Local\Programs\mongosh\;C:\Program Files\MongoDB\Server\8.0\bin;C:\Users\Suraj Dudhatra\AppData\Local\Microsoft\WindowsApps;C:\Users\Suraj Dudhatra\AppData\Local\Programs\Microsoft VS Code\bin;C:\Users\Suraj Dudhatra\AppData\Roaming\npm;C:\Users\Suraj Dudhatra\AppData\Local\Programs\mongosh\
USERNAME=Suraj Dudhatra
LANG=en_US.UTF-8
OS=Windows_NT
PROCESSOR_IDENTIFIER=Intel64 Family 6 Model 94 Stepping 3, GenuineIntel
TMP=C:\Users\SURAJD~1\AppData\Local\Temp
TEMP=C:\Users\SURAJD~1\AppData\Local\Temp



Periodic native trim disabled


---------------  S Y S T E M  ---------------

OS:
 Windows 10 , 64 bit Build 19041 (10.0.19041.5915)
OS uptime: 7 days 8:09 hours

CPU: total 4 (initial active 4) (2 cores per cpu, 2 threads per core) family 6 model 94 stepping 3 microcode 0xcc, cx8, cmov, fxsr, ht, mmx, 3dnowpref, sse, sse2, sse3, ssse3, sse4.1, sse4.2, popcnt, lzcnt, tsc, tscinvbit, avx, avx2, aes, erms, clmul, bmi1, bmi2, adx, fma, vzeroupper, clflush, clflushopt
Processor Information for the first 4 processors :
  Max Mhz: 3600, Current Mhz: 3600, Mhz Limit: 3600

Memory: 4k page, system-wide physical 12247M (624M free)
TotalPageFile size 32799M (AvailPageFile size 222M)
current process WorkingSet (physical memory assigned to process): 874M, peak: 1953M
current process commit charge ("private bytes"): 1509M, peak: 2189M

vm_info: OpenJDK 64-Bit Server VM (17.0.15+6-LTS) for windows-amd64 JRE (17.0.15+6-LTS), built on Apr  9 2025 22:27:25 by "MicrosoftCorporation" with unknown MS VC++:1939

END.
